{"reason":"benchmark-complete","id":"Solutions/Day 06/Part 01","report_directory":"/Volumes/Code/Personal/AOC2023/target/criterion/reports/Solutions/Day 06_Part 01","iteration_count":[139,278,417,556,695,834,973,1112,1251,1390,1529,1668,1807,1946,2085,2224,2363,2502,2641,2780,2919,3058,3197,3336,3475,3614,3753,3892,4031,4170,4309,4448,4587,4726,4865,5004,5143,5282,5421,5560,5699,5838,5977,6116,6255,6394,6533,6672,6811,6950,7089,7228,7367,7506,7645,7784,7923,8062,8201,8340,8479,8618,8757,8896,9035,9174,9313,9452,9591,9730,9869,10008,10147,10286,10425,10564,10703,10842,10981,11120,11259,11398,11537,11676,11815,11954,12093,12232,12371,12510,12649,12788,12927,13066,13205,13344,13483,13622,13761,13900],"measured_values":[1047459.0,2448417.0,3109375.0,3927250.0,4932375.0,6003750.0,7053750.0,7862792.0,8840917.0,9830500.0,10776750.0,11834125.0,12845708.0,13782750.0,14770041.0,15709583.0,17181792.0,17979917.0,18750042.0,19731750.0,20676084.0,21615167.0,22642792.0,23614708.0,24585916.0,25609625.0,26466625.0,27770750.0,29357000.0,29596334.0,30482667.0,31472792.0,32475708.0,33442292.0,34549959.0,35925000.0,36752625.0,37375583.0,38482791.0,39510750.0,40444958.0,41435000.0,43624917.0,43562666.0,44276708.0,45372625.0,46301292.0,47599875.0,49003792.0,49152250.0,50108041.0,51328958.0,52657250.0,54142541.0,55528000.0,55629875.0,59259458.0,66254500.0,58276542.0,62330375.0,60108250.0,60978042.0,62882292.0,63059625.0,64027875.0,65056209.0,67044750.0,66909500.0,67964875.0,70186375.0,69881666.0,71460541.0,72239166.0,73904125.0,73894042.0,74884584.0,77447792.0,76878167.0,77982750.0,79538333.0,79682000.0,80430500.0,81712709.0,83418542.0,83621375.0,84612625.0,86346292.0,86680125.0,88508292.0,88448625.0,90822584.0,91535709.0,91389083.0,92357625.0,95839375.0,95412916.0,95886333.0,97561875.0,97367709.0,99099417.0],"unit":"ns","throughput":[],"typical":{"estimate":7140.61563946065,"lower_bound":7117.26857485898,"upper_bound":7171.485347041485,"unit":"ns"},"mean":{"estimate":7161.129213766894,"lower_bound":7124.966284862639,"upper_bound":7209.3811454136185,"unit":"ns"},"median":{"estimate":7097.453545734841,"lower_bound":7088.536982913669,"upper_bound":7108.948370169844,"unit":"ns"},"median_abs_dev":{"estimate":37.41480178833781,"lower_bound":22.66628851791558,"upper_bound":55.012890390232684,"unit":"ns"},"slope":{"estimate":7140.61563946065,"lower_bound":7117.26857485898,"upper_bound":7171.485347041485,"unit":"ns"},"change":{"mean":{"estimate":-0.002852897136981891,"lower_bound":-0.011750702332924854,"upper_bound":0.005949090215140259,"unit":"%"},"median":{"estimate":-0.0012335243202810098,"lower_bound":-0.0038658809951791686,"upper_bound":0.0006628255555922334,"unit":"%"},"change":"NoChange"}}
{"reason":"benchmark-complete","id":"Solutions/Day 06/Part 02","report_directory":"/Volumes/Code/Personal/AOC2023/target/criterion/reports/Solutions/Day 06_Part 02","iteration_count":[7,7,7,7,7,7,7,7,7,7,7,7,7,7,7,7,7,7,7,7,7,7,7,7,7,7,7,7,7,7,7,7,7,7,7,7,7,7,7,7,7,7,7,7,7,7,7,7,7,7,7,7,7,7,7,7,7,7,7,7,7,7,7,7,7,7,7,7,7,7,7,7,7,7,7,7,7,7,7,7,7,7,7,7,7,7,7,7,7,7,7,7,7,7,7,7,7,7,7,7],"measured_values":[58284250.0,58236583.0,58205375.0,57644209.0,57543333.0,57770041.0,58357292.0,57578083.0,57573708.0,57428250.0,58138125.0,58111208.0,57623500.0,57715750.0,57652958.0,58237666.0,57811666.0,58584083.0,57545833.0,58538666.0,57698458.0,57999917.0,58688416.0,57720292.0,58443583.0,57472584.0,57539875.0,57627833.0,58240416.0,57890166.0,57620500.0,57552834.0,57529708.0,58723667.0,59931042.0,57946709.0,58754583.0,58314208.0,57539792.0,57442500.0,57572042.0,58067417.0,57922292.0,57479250.0,57513875.0,57486333.0,58479916.0,57708417.0,57617417.0,57526375.0,57718625.0,57552917.0,57520584.0,57491750.0,57520000.0,58287959.0,57720209.0,57533542.0,57590500.0,58539625.0,57541333.0,57592333.0,57518084.0,58363208.0,57904125.0,57560083.0,57678042.0,57606375.0,58443417.0,57628500.0,57559958.0,57814459.0,59668042.0,58227250.0,57608875.0,57674958.0,57433750.0,58617458.0,57675500.0,58345417.0,57480041.0,58123500.0,57689584.0,57622959.0,57482417.0,57716500.0,58161334.0,57587084.0,57670833.0,57774291.0,58386792.0,57682625.0,57570250.0,57665584.0,57770292.0,58052625.0,57707292.0,57518292.0,57858375.0,58338250.0],"unit":"ns","throughput":[],"typical":{"estimate":8269181.134285713,"lower_bound":8257074.046857143,"upper_bound":8282398.592035714,"unit":"ns"},"mean":{"estimate":8269181.134285713,"lower_bound":8257074.046857143,"upper_bound":8282398.592035714,"unit":"ns"},"median":{"estimate":8242003.0,"lower_bound":8232642.857142857,"upper_bound":8253166.571428571,"unit":"ns"},"median_abs_dev":{"estimate":36120.689058729484,"lower_bound":23161.176788806915,"upper_bound":53369.04535251083,"unit":"ns"},"slope":null,"change":{"mean":{"estimate":-0.0002498109989687025,"lower_bound":-0.0026578583613569786,"upper_bound":0.002072444758545083,"unit":"%"},"median":{"estimate":0.00047218683910998926,"lower_bound":-0.0015345856005252187,"upper_bound":0.0024227518110102597,"unit":"%"},"change":"NoChange"}}
{"reason":"group-complete","group_name":"Solutions","benchmarks":["Solutions/Day 01/Part 01","Solutions/Day 01/Part 02","Solutions/Day 02/Part 01","Solutions/Day 02/Part 02","Solutions/Day 03/Part 01","Solutions/Day 03/Part 02","Solutions/Day 04/Part 01","Solutions/Day 04/Part 02","Solutions/Day 05/Part 01","Solutions/Day 05/Part 02","Solutions/Day 06/Part 01","Solutions/Day 06/Part 02"],"report_directory":"/Volumes/Code/Personal/AOC2023/target/criterion/reports/Solutions"}
