{"reason":"benchmark-complete","id":"Solutions/Day 02/Part 01","report_directory":"/Volumes/Code/Personal/AOC2023/target/criterion/reports/Solutions/Day 02_Part 01","iteration_count":[26,52,78,104,130,156,182,208,234,260,286,312,338,364,390,416,442,468,494,520,546,572,598,624,650,676,702,728,754,780,806,832,858,884,910,936,962,988,1014,1040,1066,1092,1118,1144,1170,1196,1222,1248,1274,1300,1326,1352,1378,1404,1430,1456,1482,1508,1534,1560,1586,1612,1638,1664,1690,1716,1742,1768,1794,1820,1846,1872,1898,1924,1950,1976,2002,2028,2054,2080,2106,2132,2158,2184,2210,2236,2262,2288,2314,2340,2366,2392,2418,2444,2470,2496,2522,2548,2574,2600],"measured_values":[1159375.0,2048958.0,2913625.0,3905708.0,5064292.0,5970792.0,6924958.0,7779125.0,8960917.0,9900792.0,10690042.0,11702291.0,12748958.0,13659125.0,14618833.0,15553458.0,16529500.0,17513708.0,18526000.0,19464833.0,20419583.0,21371333.0,22367334.0,23340250.0,24356667.0,25347375.0,26255458.0,27232667.0,28194959.0,29132042.0,30125083.0,31161000.0,33338000.0,34257000.0,34218166.0,35614667.0,36038875.0,37365500.0,38317250.0,38888667.0,39866708.0,40744000.0,41766500.0,42657958.0,43689292.0,44624625.0,45685833.0,46580125.0,47696917.0,48472792.0,49438542.0,50650416.0,51510125.0,52328250.0,53469292.0,54873167.0,55324416.0,56235625.0,57152334.0,59673083.0,59785375.0,60171167.0,62530167.0,63879292.0,64606458.0,65870083.0,66319000.0,67948209.0,69533417.0,69023000.0,70537334.0,71721541.0,72427584.0,73444334.0,74843792.0,75187000.0,76408292.0,77520709.0,79832625.0,79552834.0,79189875.0,79730541.0,80522250.0,81643542.0,82428750.0,83249250.0,84259000.0,85558750.0,86375542.0,92123958.0,89846541.0,89458916.0,92386375.0,91749875.0,92373541.0,93266042.0,94107916.0,95797709.0,96162833.0,97015125.0],"unit":"ns","throughput":[],"typical":{"estimate":37741.37854758955,"lower_bound":37612.03315285386,"upper_bound":37885.021631618336,"unit":"ns"},"mean":{"estimate":37786.21968703881,"lower_bound":37644.013588631264,"upper_bound":37973.47374421592,"unit":"ns"},"median":{"estimate":37457.78651247401,"lower_bound":37399.07154304029,"upper_bound":37569.04120879121,"unit":"ns"},"median_abs_dev":{"estimate":214.00926575071074,"lower_bound":126.84333054160182,"upper_bound":380.7430778558479,"unit":"ns"},"slope":{"estimate":37741.37854758955,"lower_bound":37612.03315285386,"upper_bound":37885.021631618336,"unit":"ns"},"change":{"mean":{"estimate":-0.03514295147479174,"lower_bound":-0.040223006481524264,"upper_bound":-0.02900636010456174,"unit":"%"},"median":{"estimate":-0.037004681540954154,"lower_bound":-0.0389096167010452,"upper_bound":-0.034251018227848595,"unit":"%"},"change":"Improved"}}
{"reason":"benchmark-complete","id":"Solutions/Day 02/Part 02","report_directory":"/Volumes/Code/Personal/AOC2023/target/criterion/reports/Solutions/Day 02_Part 02","iteration_count":[27,54,81,108,135,162,189,216,243,270,297,324,351,378,405,432,459,486,513,540,567,594,621,648,675,702,729,756,783,810,837,864,891,918,945,972,999,1026,1053,1080,1107,1134,1161,1188,1215,1242,1269,1296,1323,1350,1377,1404,1431,1458,1485,1512,1539,1566,1593,1620,1647,1674,1701,1728,1755,1782,1809,1836,1863,1890,1917,1944,1971,1998,2025,2052,2079,2106,2133,2160,2187,2214,2241,2268,2295,2322,2349,2376,2403,2430,2457,2484,2511,2538,2565,2592,2619,2646,2673,2700],"measured_values":[1206166.0,2176375.0,3015958.0,4029875.0,5175792.0,6051625.0,7043375.0,8068500.0,9041125.0,10041208.0,11045917.0,12127625.0,13045125.0,14055167.0,15039083.0,16074791.0,17090291.0,18063041.0,19057000.0,20129584.0,21058833.0,22078166.0,23494666.0,24155042.0,25079417.0,26277333.0,27158875.0,28385000.0,29131458.0,30126167.0,31116458.0,32113416.0,33181000.0,34144250.0,35165792.0,36205792.0,37242458.0,38268250.0,39247750.0,40207334.0,41438042.0,42856333.0,43496167.0,44831917.0,45238833.0,46283084.0,47413542.0,48280334.0,49231167.0,50794583.0,51481875.0,54318500.0,53522208.0,54389250.0,55352292.0,56517584.0,57392625.0,58425792.0,59356208.0,60293541.0,61281416.0,62743166.0,65803791.0,65872292.0,65637208.0,66643250.0,67558708.0,69005042.0,69472167.0,70433542.0,71932542.0,72410625.0,73433625.0,74446334.0,75347833.0,76581541.0,77555833.0,78221750.0,79273916.0,80286291.0,81285583.0,83094959.0,83724334.0,88616875.0,91725417.0,87294125.0,87859458.0,88401083.0,95865833.0,92568667.0,91370000.0,95319917.0,94273625.0,94739208.0,95806333.0,96841292.0,97850417.0,98835584.0,100165375.0,100733750.0],"unit":"ns","throughput":[],"typical":{"estimate":37569.27461898429,"lower_bound":37406.865050761386,"upper_bound":37764.063424180684,"unit":"ns"},"mean":{"estimate":37551.089858948355,"lower_bound":37398.27578471573,"upper_bound":37751.50037375863,"unit":"ns"},"median":{"estimate":37295.321637426896,"lower_bound":37263.534830956865,"upper_bound":37351.39688109162,"unit":"ns"},"median_abs_dev":{"estimate":142.93038961934502,"lower_bound":107.84982983612433,"upper_bound":196.37989502928136,"unit":"ns"},"slope":{"estimate":37569.27461898429,"lower_bound":37406.865050761386,"upper_bound":37764.063424180684,"unit":"ns"},"change":{"mean":{"estimate":-0.03998052398936458,"lower_bound":-0.04510228652101259,"upper_bound":-0.0347133354990362,"unit":"%"},"median":{"estimate":-0.041275126375690196,"lower_bound":-0.042556351376142894,"upper_bound":-0.03982262524265889,"unit":"%"},"change":"Improved"}}
{"reason":"group-complete","group_name":"Solutions","benchmarks":["Solutions/Day 01/Part 01","Solutions/Day 01/Part 02","Solutions/Day 02/Part 01","Solutions/Day 02/Part 02"],"report_directory":"/Volumes/Code/Personal/AOC2023/target/criterion/reports/Solutions"}
