{"reason":"benchmark-complete","id":"Solutions/Day 07/Part 01","report_directory":"/Volumes/Code/Personal/AOC2023/target/criterion/reports/Solutions/Day 07_Part 01","iteration_count":[3,6,9,12,15,18,21,24,27,30,33,36,39,42,45,48,51,54,57,60,63,66,69,72,75,78,81,84,87,90,93,96,99,102,105,108,111,114,117,120,123,126,129,132,135,138,141,144,147,150,153,156,159,162,165,168,171,174,177,180,183,186,189,192,195,198,201,204,207,210,213,216,219,222,225,228,231,234,237,240,243,246,249,252,255,258,261,264,267,270,273,276,279,282,285,288,291,294,297,300],"measured_values":[1165375.0,2280375.0,3491542.0,4499000.0,5581584.0,6704667.0,7801167.0,9000417.0,10009459.0,11135583.0,12320375.0,13318334.0,14484250.0,15574084.0,16763458.0,17844375.0,18935125.0,20060375.0,21376666.0,22577416.0,23430375.0,24483083.0,26041875.0,27367083.0,28212459.0,29168250.0,30192917.0,31249500.0,32335917.0,33310500.0,34469250.0,35560250.0,36585917.0,38214417.0,38805500.0,39850875.0,41044166.0,42534833.0,43245875.0,44191083.0,47815459.0,47224750.0,47810583.0,48852959.0,50025292.0,51159375.0,52488000.0,53626417.0,54773000.0,56274583.0,57109458.0,58196792.0,59214833.0,60379167.0,61291541.0,62261833.0,63995375.0,64350667.0,65528042.0,66441333.0,67565542.0,68825917.0,69849625.0,72159875.0,73228375.0,73441625.0,74344459.0,75858208.0,76658416.0,78937375.0,84141541.0,84285709.0,81602208.0,82234500.0,83251834.0,84302375.0,86030416.0,90223333.0,90972792.0,89306875.0,90620417.0,92210208.0,98927375.0,97377792.0,96020667.0,97415708.0,97647792.0,98409959.0,99068917.0,100493417.0,101670667.0,102479250.0,104125583.0,105619625.0,105300375.0,106225625.0,107792583.0,108593000.0,109272250.0,110590083.0],"unit":"ns","throughput":[],"typical":{"estimate":373791.83901975275,"lower_bound":372264.5229638043,"upper_bound":375579.93163935555,"unit":"ns"},"mean":{"estimate":373677.1863721561,"lower_bound":372636.9729752409,"upper_bound":374840.0106165353,"unit":"ns"},"median":{"estimate":372108.7895833333,"lower_bound":371382.75764163374,"upper_bound":372605.44217687077,"unit":"ns"},"median_abs_dev":{"estimate":2967.2298176619797,"lower_bound":1984.977901480509,"upper_bound":3600.980847804043,"unit":"ns"},"slope":{"estimate":373791.83901975275,"lower_bound":372264.5229638043,"upper_bound":375579.93163935555,"unit":"ns"},"change":{"mean":{"estimate":-0.025827006586929158,"lower_bound":-0.03365164805916527,"upper_bound":-0.01842872818195716,"unit":"%"},"median":{"estimate":-0.012567751180123321,"lower_bound":-0.01881937549042445,"upper_bound":-0.00984109032806002,"unit":"%"},"change":"Improved"}}
{"reason":"benchmark-complete","id":"Solutions/Day 07/Part 02","report_directory":"/Volumes/Code/Personal/AOC2023/target/criterion/reports/Solutions/Day 07_Part 02","iteration_count":[3,6,9,12,15,18,21,24,27,30,33,36,39,42,45,48,51,54,57,60,63,66,69,72,75,78,81,84,87,90,93,96,99,102,105,108,111,114,117,120,123,126,129,132,135,138,141,144,147,150,153,156,159,162,165,168,171,174,177,180,183,186,189,192,195,198,201,204,207,210,213,216,219,222,225,228,231,234,237,240,243,246,249,252,255,258,261,264,267,270,273,276,279,282,285,288,291,294,297,300],"measured_values":[1191375.0,2317333.0,3371458.0,4491708.0,5622584.0,6974167.0,7951708.0,9017959.0,10100417.0,11291750.0,12894500.0,14293959.0,14888750.0,15998541.0,17099917.0,18201750.0,19345042.0,20435209.0,21478542.0,22655416.0,23647500.0,24735000.0,25943375.0,27007792.0,28157583.0,29278791.0,30331792.0,31447042.0,32650791.0,33901666.0,34973500.0,36134625.0,37211459.0,38417459.0,39513917.0,40615000.0,42270042.0,43011709.0,44002375.0,45106917.0,46226667.0,48520292.0,52095500.0,50783917.0,52790541.0,52328208.0,52966625.0,53948000.0,55254500.0,56544417.0,57513792.0,58695625.0,59697875.0,61807166.0,62394292.0,63444750.0,64076375.0,65406250.0,66553625.0,68414000.0,68762500.0,70373542.0,70714292.0,71886542.0,72830875.0,74316292.0,75881167.0,76758542.0,77879459.0,78685750.0,79797583.0,81017542.0,82442542.0,85292167.0,85509042.0,86760417.0,87733250.0,88875583.0,96852875.0,92922375.0,94241125.0,93606875.0,94248917.0,95313708.0,96060209.0,97507500.0,98643916.0,99899875.0,101370750.0,105252417.0,106889208.0,106899875.0,105602792.0,107238625.0,107820166.0,109871125.0,110678083.0,111588750.0,112743750.0,112702333.0],"unit":"ns","throughput":[],"typical":{"estimate":380018.94660755625,"lower_bound":378591.1968156947,"upper_bound":381666.5208856416,"unit":"ns"},"mean":{"estimate":379368.1668240521,"lower_bound":378231.97038309614,"upper_bound":380655.3259534295,"unit":"ns"},"median":{"estimate":377406.9683817753,"lower_bound":376323.0190476191,"upper_bound":378408.61742424243,"unit":"ns"},"median_abs_dev":{"estimate":3100.620930573451,"lower_bound":2207.8275178031995,"upper_bound":3859.9007883694353,"unit":"ns"},"slope":{"estimate":380018.94660755625,"lower_bound":378591.1968156947,"upper_bound":381666.5208856416,"unit":"ns"},"change":{"mean":{"estimate":-0.012354951155417071,"lower_bound":-0.0177171975597083,"upper_bound":-0.007093372005482083,"unit":"%"},"median":{"estimate":-0.01070263052078868,"lower_bound":-0.015219110024916382,"upper_bound":-0.007587014868773778,"unit":"%"},"change":"NoChange"}}
{"reason":"group-complete","group_name":"Solutions","benchmarks":["Solutions/Day 01/Part 01","Solutions/Day 01/Part 02","Solutions/Day 02/Part 01","Solutions/Day 02/Part 02","Solutions/Day 03/Part 01","Solutions/Day 03/Part 02","Solutions/Day 04/Part 01","Solutions/Day 04/Part 02","Solutions/Day 05/Part 01","Solutions/Day 05/Part 02","Solutions/Day 06/Part 01","Solutions/Day 06/Part 02","Solutions/Day 07/Part 01","Solutions/Day 07/Part 02"],"report_directory":"/Volumes/Code/Personal/AOC2023/target/criterion/reports/Solutions"}
