{"reason":"benchmark-complete","id":"Solutions/Day 01/Part 01","report_directory":"/Volumes/Code/Personal/AOC2023/target/criterion/reports/Solutions/Day 01_Part 01","iteration_count":[14,28,42,56,70,84,98,112,126,140,154,168,182,196,210,224,238,252,266,280,294,308,322,336,350,364,378,392,406,420,434,448,462,476,490,504,518,532,546,560,574,588,602,616,630,644,658,672,686,700,714,728,742,756,770,784,798,812,826,840,854,868,882,896,910,924,938,952,966,980,994,1008,1022,1036,1050,1064,1078,1092,1106,1120,1134,1148,1162,1176,1190,1204,1218,1232,1246,1260,1274,1288,1302,1316,1330,1344,1358,1372,1386,1400],"measured_values":[1107416.0,2128042.0,3096583.0,4096083.0,5124833.0,6233917.0,7665708.0,8389750.0,9239084.0,10237875.0,11257583.0,12268541.0,13401417.0,14317125.0,15346208.0,16392333.0,17428708.0,18393459.0,20041042.0,20856542.0,22332958.0,23581667.0,27810625.0,27602209.0,27200000.0,29009334.0,29401041.0,30396666.0,30814125.0,30982000.0,32493583.0,35465459.0,36460500.0,37105833.0,36976291.0,38387917.0,41980834.0,42807667.0,42389583.0,44039167.0,43029084.0,45146625.0,46553417.0,47537333.0,48006917.0,49665458.0,49650375.0,50252166.0,51297500.0,52803583.0,54437875.0,54985000.0,55726500.0,57530958.0,58535417.0,61473000.0,63881708.0,62264208.0,63201250.0,66820333.0,63404708.0,63363333.0,63982417.0,66142417.0,66807709.0,69120625.0,70382708.0,69917000.0,70348708.0,71305042.0,71915084.0,72919667.0,80306417.0,84481208.0,83897834.0,81500125.0,83680000.0,85012250.0,84169334.0,84478292.0,85923417.0,86855709.0,87793667.0,88852125.0,89807750.0,99183458.0,100855417.0,101220750.0,95235083.0,98891250.0,95630500.0,94299291.0,95085292.0,95901750.0,97003334.0,98297584.0,98853583.0,100048250.0,100775667.0,110243333.0],"unit":"ns","throughput":[],"typical":{"estimate":75900.87636893327,"lower_bound":75139.36735579272,"upper_bound":76733.63971466185,"unit":"ns"},"mean":{"estimate":75999.74348072933,"lower_bound":75465.21534150738,"upper_bound":76558.65556626148,"unit":"ns"},"median":{"estimate":75541.38822322256,"lower_bound":75013.37389439828,"upper_bound":76132.82638888889,"unit":"ns"},"median_abs_dev":{"estimate":3187.01238111152,"lower_bound":2392.950895695677,"upper_bound":3750.8749285865697,"unit":"ns"},"slope":{"estimate":75900.87636893327,"lower_bound":75139.36735579272,"upper_bound":76733.63971466185,"unit":"ns"},"change":{"mean":{"estimate":0.001025206037007953,"lower_bound":-0.008400735323017368,"upper_bound":0.01155837539146586,"unit":"%"},"median":{"estimate":0.0049000824010982935,"lower_bound":-0.002358518205517357,"upper_bound":0.014638300607678234,"unit":"%"},"change":"NoChange"}}
{"reason":"benchmark-complete","id":"Solutions/Day 01/Part 02","report_directory":"/Volumes/Code/Personal/AOC2023/target/criterion/reports/Solutions/Day 01_Part 02","iteration_count":[2,4,6,8,10,12,14,16,18,20,22,24,26,28,30,32,34,36,38,40,42,44,46,48,50,52,54,56,58,60,62,64,66,68,70,72,74,76,78,80,82,84,86,88,90,92,94,96,98,100,102,104,106,108,110,112,114,116,118,120,122,124,126,128,130,132,134,136,138,140,142,144,146,148,150,152,154,156,158,160,162,164,166,168,170,172,174,176,178,180,182,184,186,188,190,192,194,196,198,200],"measured_values":[1259542.0,2359458.0,3394416.0,4549708.0,5677875.0,7033375.0,8081875.0,9368458.0,10579250.0,11601209.0,12523500.0,13665667.0,15204250.0,15989667.0,16957166.0,17949708.0,19067833.0,20133500.0,21241833.0,22349875.0,23481167.0,24588750.0,26150334.0,26903125.0,28108666.0,29204459.0,30262125.0,31655625.0,32594666.0,33845500.0,34786792.0,35820000.0,37026083.0,38101833.0,39178958.0,40352708.0,41455375.0,42633291.0,43701792.0,44705042.0,46038333.0,47068166.0,49141958.0,49305833.0,51426459.0,51796917.0,52712417.0,53822667.0,54921084.0,56074542.0,57747083.0,58373834.0,59390292.0,60495208.0,61606000.0,62796125.0,63803375.0,64882833.0,66174875.0,67742958.0,68330166.0,69396250.0,70502542.0,71656792.0,76563708.0,75118541.0,76456542.0,76667958.0,77422291.0,78457542.0,79559084.0,80647417.0,81715584.0,82854542.0,84080625.0,85028833.0,86143583.0,87570458.0,88787042.0,89865709.0,90923250.0,92121833.0,93190375.0,94224042.0,95385625.0,96570209.0,97652000.0,98804000.0,100089959.0,101071917.0,102145333.0,103284916.0,104390583.0,110484792.0,107903833.0,107295042.0,108295208.0,110017250.0,111291500.0,112206917.0],"unit":"ns","throughput":[],"typical":{"estimate":562540.830836412,"lower_bound":561232.9517592868,"upper_bound":564317.5899896023,"unit":"ns"},"mean":{"estimate":564774.9823354117,"lower_bound":563016.1558519751,"upper_bound":566894.0692318266,"unit":"ns"},"median":{"estimate":561155.1512846518,"lower_bound":560804.0254237289,"upper_bound":561414.7245011086,"unit":"ns"},"median_abs_dev":{"estimate":1634.0106222440977,"lower_bound":1119.8994086444857,"upper_bound":2572.6293140143594,"unit":"ns"},"slope":{"estimate":562540.830836412,"lower_bound":561232.9517592868,"upper_bound":564317.5899896023,"unit":"ns"},"change":{"mean":{"estimate":-0.9895269543078844,"lower_bound":-0.9895606467620535,"upper_bound":-0.9894861957635138,"unit":"%"},"median":{"estimate":-0.9895891192242018,"lower_bound":-0.98959918727131,"upper_bound":-0.9895830147679836,"unit":"%"},"change":"Improved"}}
{"reason":"group-complete","group_name":"Solutions","benchmarks":["Solutions/Day 01/Part 01","Solutions/Day 01/Part 02","Solutions/Day 02/Part 01","Solutions/Day 02/Part 02"],"report_directory":"/Volumes/Code/Personal/AOC2023/target/criterion/reports/Solutions"}
