{"reason":"benchmark-complete","id":"Solutions/Day 06/Part 01","report_directory":"/Volumes/Code/Personal/AOC2023/target/criterion/reports/Solutions/Day 06_Part 01","iteration_count":[138,276,414,552,690,828,966,1104,1242,1380,1518,1656,1794,1932,2070,2208,2346,2484,2622,2760,2898,3036,3174,3312,3450,3588,3726,3864,4002,4140,4278,4416,4554,4692,4830,4968,5106,5244,5382,5520,5658,5796,5934,6072,6210,6348,6486,6624,6762,6900,7038,7176,7314,7452,7590,7728,7866,8004,8142,8280,8418,8556,8694,8832,8970,9108,9246,9384,9522,9660,9798,9936,10074,10212,10350,10488,10626,10764,10902,11040,11178,11316,11454,11592,11730,11868,12006,12144,12282,12420,12558,12696,12834,12972,13110,13248,13386,13524,13662,13800],"measured_values":[1176417.0,2318166.0,2952584.0,3896209.0,5166500.0,6073541.0,6820292.0,7907625.0,8756583.0,9746209.0,11147708.0,11965041.0,12815667.0,13652709.0,14690584.0,15597500.0,16545292.0,17563750.0,18618959.0,19489375.0,20549292.0,21514334.0,22429792.0,23485625.0,25342291.0,25753583.0,26305041.0,27304500.0,28335750.0,29208583.0,30261625.0,31659958.0,32232125.0,33224792.0,35243208.0,35165459.0,36130750.0,37126958.0,37863041.0,38955625.0,39918667.0,42863167.0,42036500.0,42903792.0,44021208.0,44895208.0,46437458.0,47336917.0,47844125.0,48817000.0,49856000.0,50945084.0,52736667.0,52755625.0,53632959.0,54663417.0,56268417.0,56808500.0,57474250.0,66632875.0,64001667.0,61420041.0,61516417.0,62444541.0,63524666.0,65591333.0,65392416.0,66459542.0,68516667.0,68366250.0,69220542.0,70086625.0,77731333.0,72192750.0,76155792.0,74751375.0,75419000.0,76260375.0,76997833.0,78585292.0,78642666.0,79935708.0,82276334.0,81967250.0,82924125.0,84693708.0,84528292.0,85541167.0,87596375.0,88043458.0,88901250.0,90303667.0,90753250.0,92317333.0,93006625.0,93518541.0,94500416.0,95870542.0,96571458.0,100343417.0],"unit":"ns","throughput":[],"typical":{"estimate":7128.969443826926,"lower_bound":7099.382308603212,"upper_bound":7166.33882183296,"unit":"ns"},"mean":{"estimate":7161.100853178232,"lower_bound":7119.60845784276,"upper_bound":7212.078502284154,"unit":"ns"},"median":{"estimate":7081.53013968129,"lower_bound":7075.732344145387,"upper_bound":7090.853002070394,"unit":"ns"},"median_abs_dev":{"estimate":29.418116783216487,"lower_bound":21.040104191681376,"upper_bound":46.39294373490371,"unit":"ns"},"slope":{"estimate":7128.969443826926,"lower_bound":7099.382308603212,"upper_bound":7166.33882183296,"unit":"ns"},"change":{"mean":{"estimate":-0.0024439991313426335,"lower_bound":-0.010920905772400296,"upper_bound":0.0065716987912271116,"unit":"%"},"median":{"estimate":-0.0050088238723071665,"lower_bound":-0.008034915787365371,"upper_bound":-0.002593459909955964,"unit":"%"},"change":"NoChange"}}
{"reason":"benchmark-complete","id":"Solutions/Day 06/Part 02","report_directory":"/Volumes/Code/Personal/AOC2023/target/criterion/reports/Solutions/Day 06_Part 02","iteration_count":[7,7,7,7,7,7,7,7,7,7,7,7,7,7,7,7,7,7,7,7,7,7,7,7,7,7,7,7,7,7,7,7,7,7,7,7,7,7,7,7,7,7,7,7,7,7,7,7,7,7,7,7,7,7,7,7,7,7,7,7,7,7,7,7,7,7,7,7,7,7,7,7,7,7,7,7,7,7,7,7,7,7,7,7,7,7,7,7,7,7,7,7,7,7,7,7,7,7,7,7],"measured_values":[58799500.0,58329292.0,58177875.0,57610333.0,57568666.0,57705750.0,58384833.0,57877083.0,57789125.0,58011875.0,57635125.0,57879541.0,57401916.0,58515583.0,59792167.0,60027084.0,59380625.0,59862417.0,59632000.0,60092834.0,59770208.0,59169375.0,58999292.0,59030833.0,58394417.0,58130041.0,58462666.0,58548291.0,58967208.0,57561584.0,57467208.0,57801042.0,58519500.0,57972250.0,57782792.0,59255084.0,60572542.0,61082667.0,58920583.0,58450542.0,58470167.0,58086500.0,57368375.0,57425542.0,57517334.0,58660583.0,58122958.0,59272667.0,58517250.0,60273708.0,59266625.0,58181833.0,58755584.0,59505000.0,59761834.0,58623000.0,58502000.0,58914917.0,58470333.0,58872166.0,59124834.0,58067541.0,58327791.0,59006458.0,58507625.0,58273291.0,57928458.0,58081166.0,57419250.0,57509000.0,57605208.0,58262209.0,57685958.0,57630292.0,58062416.0,57946667.0,58549916.0,57519375.0,57366875.0,57440917.0,58398000.0,57983250.0,57952750.0,57579834.0,58917167.0,60068791.0,60050250.0,59480792.0,58456333.0,58235416.0,57557000.0,57494000.0,57485333.0,57965500.0,57555625.0,57485459.0,57397834.0,57460875.0,57940208.0,57488792.0],"unit":"ns","throughput":[],"typical":{"estimate":8344526.544285715,"lower_bound":8321486.245714283,"upper_bound":8368546.320749999,"unit":"ns"},"mean":{"estimate":8344526.544285715,"lower_bound":8321486.245714283,"upper_bound":8368546.320749999,"unit":"ns"},"median":{"estimate":8323964.285714285,"lower_bound":8291386.857142857,"upper_bound":8352881.0,"unit":"ns"},"median_abs_dev":{"estimate":136041.78508477562,"lower_bound":91493.15057567217,"upper_bound":159599.98096653432,"unit":"ns"},"slope":null,"change":{"mean":{"estimate":0.007194951840569397,"lower_bound":0.0027451201495263255,"upper_bound":0.011122638349184737,"unit":"%"},"median":{"estimate":0.009562653201569127,"lower_bound":0.0034657215493663247,"upper_bound":0.013687767719991403,"unit":"%"},"change":"NoChange"}}
{"reason":"group-complete","group_name":"Solutions","benchmarks":["Solutions/Day 01/Part 01","Solutions/Day 01/Part 02","Solutions/Day 02/Part 01","Solutions/Day 02/Part 02","Solutions/Day 03/Part 01","Solutions/Day 03/Part 02","Solutions/Day 04/Part 01","Solutions/Day 04/Part 02","Solutions/Day 05/Part 01","Solutions/Day 05/Part 02","Solutions/Day 06/Part 01","Solutions/Day 06/Part 02"],"report_directory":"/Volumes/Code/Personal/AOC2023/target/criterion/reports/Solutions"}
