{"reason":"benchmark-complete","id":"Solutions/Day 02/Part 01","report_directory":"/Volumes/Code/Personal/AOC2023/target/criterion/reports/Solutions/Day 02_Part 01","iteration_count":[22,44,66,88,110,132,154,176,198,220,242,264,286,308,330,352,374,396,418,440,462,484,506,528,550,572,594,616,638,660,682,704,726,748,770,792,814,836,858,880,902,924,946,968,990,1012,1034,1056,1078,1100,1122,1144,1166,1188,1210,1232,1254,1276,1298,1320,1342,1364,1386,1408,1430,1452,1474,1496,1518,1540,1562,1584,1606,1628,1650,1672,1694,1716,1738,1760,1782,1804,1826,1848,1870,1892,1914,1936,1958,1980,2002,2024,2046,2068,2090,2112,2134,2156,2178,2200],"measured_values":[1089416.0,2091125.0,3038209.0,4069667.0,5076083.0,6191916.0,7466625.0,8663917.0,9333791.0,10102208.0,11098167.0,12183875.0,13118583.0,14198792.0,15163542.0,16205375.0,17193542.0,18150792.0,19259458.0,20364791.0,21340250.0,22339500.0,23338666.0,24770250.0,25341792.0,26418833.0,27573750.0,28599334.0,29364833.0,30336250.0,31475084.0,32446792.0,33301292.0,34365625.0,35385875.0,36505709.0,37356417.0,38416667.0,39397000.0,40369417.0,41291083.0,42431625.0,43413417.0,47038333.0,47227625.0,48178208.0,49372417.0,48902167.0,49965834.0,51852000.0,51856958.0,52333584.0,53342250.0,54314291.0,55452333.0,57408584.0,58828000.0,59218334.0,60195125.0,66650584.0,63753125.0,63089625.0,63944250.0,64896334.0,66037500.0,66807125.0,67791375.0,68657125.0,69717084.0,70526167.0,71513291.0,73079833.0,75542791.0,76212167.0,76993541.0,77562666.0,78522000.0,79506000.0,80268167.0,84746584.0,82625375.0,86437250.0,86031208.0,87792333.0,87272792.0,88297750.0,89302834.0,90326958.0,91294208.0,92370167.0,93326458.0,94860667.0,95169625.0,96073750.0,97118958.0,98096708.0,99045917.0,100030917.0,101040375.0,102079541.0],"unit":"ns","throughput":[],"typical":{"estimate":46567.86171675377,"lower_bound":46427.09445771959,"upper_bound":46725.176936602045,"unit":"ns"},"mean":{"estimate":46520.335208296005,"lower_bound":46365.80390897647,"upper_bound":46692.68347688558,"unit":"ns"},"median":{"estimate":46268.503335777124,"lower_bound":46148.62537878788,"upper_bound":46396.52922077922,"unit":"ns"},"median_abs_dev":{"estimate":485.2013701292685,"lower_bound":339.20970325617367,"upper_bound":627.3100882378961,"unit":"ns"},"slope":{"estimate":46567.86171675377,"lower_bound":46427.09445771959,"upper_bound":46725.176936602045,"unit":"ns"},"change":{"mean":{"estimate":-0.016077312199588634,"lower_bound":-0.021114359278382316,"upper_bound":-0.0112488217225436,"unit":"%"},"median":{"estimate":-0.01617302542020327,"lower_bound":-0.01933252123500251,"upper_bound":-0.013183014413978622,"unit":"%"},"change":"Improved"}}
{"reason":"benchmark-complete","id":"Solutions/Day 02/Part 02","report_directory":"/Volumes/Code/Personal/AOC2023/target/criterion/reports/Solutions/Day 02_Part 02","iteration_count":[21,42,63,84,105,126,147,168,189,210,231,252,273,294,315,336,357,378,399,420,441,462,483,504,525,546,567,588,609,630,651,672,693,714,735,756,777,798,819,840,861,882,903,924,945,966,987,1008,1029,1050,1071,1092,1113,1134,1155,1176,1197,1218,1239,1260,1281,1302,1323,1344,1365,1386,1407,1428,1449,1470,1491,1512,1533,1554,1575,1596,1617,1638,1659,1680,1701,1722,1743,1764,1785,1806,1827,1848,1869,1890,1911,1932,1953,1974,1995,2016,2037,2058,2079,2100],"measured_values":[1010125.0,1986334.0,2963750.0,4286625.0,4960208.0,6544334.0,6881834.0,7860000.0,8850375.0,9801709.0,10794292.0,11863083.0,12736625.0,13715625.0,14728667.0,15664875.0,16709667.0,17609792.0,18649792.0,19382625.0,20373584.0,21419250.0,22440250.0,23383833.0,24354459.0,25206792.0,26213167.0,27071084.0,28066917.0,29758542.0,30898292.0,31420541.0,32479250.0,33326792.0,34197250.0,34793459.0,35945667.0,36916917.0,37938292.0,38754208.0,39778208.0,40730375.0,41653916.0,42707458.0,43662000.0,44764708.0,45697875.0,46563083.0,47459833.0,48590250.0,49309250.0,50275125.0,51351875.0,52343125.0,53516000.0,55180125.0,55075625.0,56394917.0,57136375.0,58095083.0,59892875.0,60155125.0,60824292.0,61909375.0,63424000.0,63824791.0,64744917.0,65754417.0,66918125.0,67930000.0,68839666.0,70023166.0,70811541.0,73301291.0,73959292.0,74207958.0,75115042.0,76282709.0,77251958.0,78064375.0,85192958.0,83531416.0,81881792.0,81976792.0,84000167.0,84041334.0,84995208.0,85887708.0,86696375.0,87692875.0,88554583.0,89534125.0,90429667.0,91513542.0,92266667.0,94469167.0,94870708.0,98036708.0,100572333.0,98166625.0],"unit":"ns","throughput":[],"typical":{"estimate":46631.608122330355,"lower_bound":46442.91221705883,"upper_bound":46850.20868350377,"unit":"ns"},"mean":{"estimate":46662.3901623312,"lower_bound":46501.28638264677,"upper_bound":46855.616979169776,"unit":"ns"},"median":{"estimate":46397.4203042328,"lower_bound":46322.70085470085,"upper_bound":46528.12447015695,"unit":"ns"},"median_abs_dev":{"estimate":378.98897713913146,"lower_bound":273.5510642518329,"upper_bound":480.7969084652324,"unit":"ns"},"slope":{"estimate":46631.608122330355,"lower_bound":46442.91221705883,"upper_bound":46850.20868350377,"unit":"ns"},"change":{"mean":{"estimate":-0.01700777786619434,"lower_bound":-0.021819859597456297,"upper_bound":-0.011956659145138812,"unit":"%"},"median":{"estimate":-0.01717859481877415,"lower_bound":-0.019881676615653432,"upper_bound":-0.014275681708530108,"unit":"%"},"change":"Improved"}}
{"reason":"group-complete","group_name":"Solutions","benchmarks":["Solutions/Day 01/Part 01","Solutions/Day 01/Part 02","Solutions/Day 02/Part 01","Solutions/Day 02/Part 02"],"report_directory":"/Volumes/Code/Personal/AOC2023/target/criterion/reports/Solutions"}
