{"reason":"benchmark-complete","id":"Solutions/Day 02/Part 01","report_directory":"/Volumes/Code/Personal/AOC2023/target/criterion/reports/Solutions/Day 02_Part 01","iteration_count":[30,60,90,120,150,180,210,240,270,300,330,360,390,420,450,480,510,540,570,600,630,660,690,720,750,780,810,840,870,900,930,960,990,1020,1050,1080,1110,1140,1170,1200,1230,1260,1290,1320,1350,1380,1410,1440,1470,1500,1530,1560,1590,1620,1650,1680,1710,1740,1770,1800,1830,1860,1890,1920,1950,1980,2010,2040,2070,2100,2130,2160,2190,2220,2250,2280,2310,2340,2370,2400,2430,2460,2490,2520,2550,2580,2610,2640,2670,2700,2730,2760,2790,2820,2850,2880,2910,2940,2970,3000],"measured_values":[1047250.0,2254375.0,3026792.0,4006708.0,5263083.0,6427667.0,7010875.0,8192167.0,9225958.0,10068500.0,11000917.0,11992792.0,12980500.0,14060959.0,14975584.0,15958709.0,16960208.0,17967000.0,19165834.0,20002458.0,21009834.0,22032167.0,22937708.0,24071500.0,25025375.0,26018292.0,27038792.0,28020167.0,28967792.0,30005625.0,32202833.0,34779000.0,34270500.0,34420916.0,36190958.0,37068042.0,37459667.0,38412625.0,39373459.0,40275125.0,41337958.0,42861000.0,43502750.0,44425917.0,45429625.0,46348458.0,47327667.0,48304750.0,49346291.0,50390500.0,51317292.0,52306625.0,53351292.0,54375834.0,55306625.0,56323250.0,57334334.0,58322083.0,59352625.0,60236917.0,62753292.0,62415458.0,70045708.0,65584042.0,67458709.0,66538458.0,67568042.0,68574166.0,69724250.0,70775584.0,71496458.0,72396709.0,73328250.0,74318209.0,75313917.0,76521500.0,77381083.0,78300917.0,79395209.0,80252833.0,81268708.0,83082834.0,83470083.0,84530291.0,85473041.0,86535916.0,87603708.0,88963959.0,89528250.0,90467000.0,91415125.0,92462375.0,93422708.0,94577834.0,95287917.0,96517542.0,97504750.0,98635791.0,99788083.0,100480417.0],"unit":"ns","throughput":[],"typical":{"estimate":33632.224699768485,"lower_bound":33559.650656663965,"upper_bound":33742.18586667824,"unit":"ns"},"mean":{"estimate":33745.50629262187,"lower_bound":33620.89445018411,"upper_bound":33893.34476310859,"unit":"ns"},"median":{"estimate":33540.883219334246,"lower_bound":33518.83960784314,"upper_bound":33564.63908045977,"unit":"ns"},"median_abs_dev":{"estimate":138.70424395726172,"lower_bound":91.85358332468164,"upper_bound":221.0545281886886,"unit":"ns"},"slope":{"estimate":33632.224699768485,"lower_bound":33559.650656663965,"upper_bound":33742.18586667824,"unit":"ns"},"change":{"mean":{"estimate":-0.19004627680209052,"lower_bound":-0.19540040098079756,"upper_bound":-0.184852299590471,"unit":"%"},"median":{"estimate":-0.18737894939155653,"lower_bound":-0.1894852604903665,"upper_bound":-0.18619531694894065,"unit":"%"},"change":"Improved"}}
{"reason":"benchmark-complete","id":"Solutions/Day 02/Part 02","report_directory":"/Volumes/Code/Personal/AOC2023/target/criterion/reports/Solutions/Day 02_Part 02","iteration_count":[30,60,90,120,150,180,210,240,270,300,330,360,390,420,450,480,510,540,570,600,630,660,690,720,750,780,810,840,870,900,930,960,990,1020,1050,1080,1110,1140,1170,1200,1230,1260,1290,1320,1350,1380,1410,1440,1470,1500,1530,1560,1590,1620,1650,1680,1710,1740,1770,1800,1830,1860,1890,1920,1950,1980,2010,2040,2070,2100,2130,2160,2190,2220,2250,2280,2310,2340,2370,2400,2430,2460,2490,2520,2550,2580,2610,2640,2670,2700,2730,2760,2790,2820,2850,2880,2910,2940,2970,3000],"measured_values":[1197625.0,2106375.0,3003542.0,4393333.0,5126792.0,6278625.0,7150375.0,8148750.0,9112709.0,10075959.0,11071750.0,12095958.0,13149375.0,14111583.0,15073791.0,16108500.0,17089958.0,18188250.0,19121917.0,20146083.0,21112041.0,22150083.0,23242792.0,24149667.0,25155208.0,26102583.0,27175292.0,28129125.0,29180416.0,30531833.0,33473417.0,34203625.0,33663334.0,34644542.0,36944500.0,36426333.0,37342292.0,38357750.0,39297625.0,40364708.0,41546459.0,42419458.0,43363750.0,44241583.0,45432333.0,46374750.0,47405250.0,48459500.0,49254667.0,50394167.0,51250500.0,52238708.0,53242083.0,54215250.0,55244709.0,56179041.0,57435375.0,58158958.0,59149375.0,60160041.0,62270125.0,62378875.0,63106792.0,67682667.0,69484709.0,67848542.0,67994833.0,68818209.0,69379167.0,70266667.0,71216542.0,72190625.0,73333875.0,74546208.0,76090292.0,76490292.0,77361042.0,78403917.0,79349750.0,80798750.0,81497500.0,82293250.0,83375416.0,84210167.0,85222125.0,86299791.0,87631708.0,88425209.0,89205375.0,90240500.0,91256416.0,92137166.0,93262500.0,94051042.0,94963792.0,96839917.0,98555083.0,100665000.0,101791666.0,105104875.0],"unit":"ns","throughput":[],"typical":{"estimate":33690.50955992316,"lower_bound":33577.65490531762,"upper_bound":33824.96101645743,"unit":"ns"},"mean":{"estimate":33836.81088792729,"lower_bound":33688.965222774896,"upper_bound":34020.551258025436,"unit":"ns"},"median":{"estimate":33568.049433995126,"lower_bound":33538.0658436214,"upper_bound":33607.59670542636,"unit":"ns"},"median_abs_dev":{"estimate":156.3633320651677,"lower_bound":115.43449779291073,"upper_bound":223.39600545921456,"unit":"ns"},"slope":{"estimate":33690.50955992316,"lower_bound":33577.65490531762,"upper_bound":33824.96101645743,"unit":"ns"},"change":{"mean":{"estimate":-0.18013419303383982,"lower_bound":-0.1845215536180553,"upper_bound":-0.1755214983942011,"unit":"%"},"median":{"estimate":-0.18300865641791497,"lower_bound":-0.18437045881509606,"upper_bound":-0.1811155290959593,"unit":"%"},"change":"Improved"}}
{"reason":"group-complete","group_name":"Solutions","benchmarks":["Solutions/Day 01/Part 01","Solutions/Day 01/Part 02","Solutions/Day 02/Part 01","Solutions/Day 02/Part 02"],"report_directory":"/Volumes/Code/Personal/AOC2023/target/criterion/reports/Solutions"}
