{"reason":"benchmark-complete","id":"Solutions/Day 01/Part 01","report_directory":"/Volumes/Code/Personal/AOC2023/target/criterion/reports/Solutions/Day 01_Part 01","iteration_count":[25,50,75,100,125,150,175,200,225,250,275,300,325,350,375,400,425,450,475,500,525,550,575,600,625,650,675,700,725,750,775,800,825,850,875,900,925,950,975,1000,1025,1050,1075,1100,1125,1150,1175,1200,1225,1250,1275,1300,1325,1350,1375,1400,1425,1450,1475,1500,1525,1550,1575,1600,1625,1650,1675,1700,1725,1750,1775,1800,1825,1850,1875,1900,1925,1950,1975,2000,2025,2050,2075,2100,2125,2150,2175,2200,2225,2250,2275,2300,2325,2350,2375,2400,2425,2450,2475,2500],"measured_values":[1069375.0,2133125.0,3041000.0,4064583.0,5144541.0,6088542.0,7034708.0,8004041.0,8923208.0,9933375.0,10959084.0,11878750.0,12869167.0,13854334.0,14858625.0,15833791.0,16836750.0,18018500.0,19763750.0,20006542.0,21204042.0,22347584.0,22869959.0,24054084.0,24999458.0,26013125.0,26678375.0,27652125.0,28436000.0,29233375.0,30403916.0,33487416.0,33638167.0,33924750.0,34545958.0,35427541.0,36320750.0,37162958.0,39231000.0,41432208.0,41207625.0,41841375.0,43347625.0,43840375.0,44169666.0,45064750.0,45701125.0,46509417.0,47479459.0,48068500.0,48812417.0,49729375.0,50447291.0,51622416.0,52592625.0,53665291.0,58511500.0,56616459.0,57100875.0,58123750.0,58654750.0,67247375.0,73007667.0,72373625.0,68148750.0,66446417.0,66809500.0,67266833.0,68084625.0,68584084.0,73383250.0,76425000.0,74703541.0,79105500.0,74828291.0,74666291.0,75300000.0,80054750.0,85621458.0,83593750.0,83870417.0,82459208.0,82357666.0,84511917.0,85248917.0,86867916.0,87837458.0,86201875.0,86131084.0,86763542.0,87648875.0,88638417.0,89503625.0,90448792.0,95197459.0,98492125.0,95968333.0,95841000.0,96319459.0,97165417.0],"unit":"ns","throughput":[],"typical":{"estimate":39946.569362139795,"lower_bound":39586.87789945703,"upper_bound":40346.33590296869,"unit":"ns"},"mean":{"estimate":40028.13524212592,"lower_bound":39762.41523226731,"upper_bound":40322.261106393824,"unit":"ns"},"median":{"estimate":39753.67086956522,"lower_bound":39574.57030927835,"upper_bound":40020.192307692305,"unit":"ns"},"median_abs_dev":{"estimate":942.7618327171779,"lower_bound":752.9094666786393,"upper_bound":1365.9910672757176,"unit":"ns"},"slope":{"estimate":39946.569362139795,"lower_bound":39586.87789945703,"upper_bound":40346.33590296869,"unit":"ns"},"change":{"mean":{"estimate":-0.3667577070931759,"lower_bound":-0.3732440551769565,"upper_bound":-0.3608955833546766,"unit":"%"},"median":{"estimate":-0.36762680132989267,"lower_bound":-0.3715537482308452,"upper_bound":-0.36344341498470045,"unit":"%"},"change":"Improved"}}
{"reason":"benchmark-complete","id":"Solutions/Day 01/Part 02","report_directory":"/Volumes/Code/Personal/AOC2023/target/criterion/reports/Solutions/Day 01_Part 02","iteration_count":[2,4,6,8,10,12,14,16,18,20,22,24,26,28,30,32,34,36,38,40,42,44,46,48,50,52,54,56,58,60,62,64,66,68,70,72,74,76,78,80,82,84,86,88,90,92,94,96,98,100,102,104,106,108,110,112,114,116,118,120,122,124,126,128,130,132,134,136,138,140,142,144,146,148,150,152,154,156,158,160,162,164,166,168,170,172,174,176,178,180,182,184,186,188,190,192,194,196,198,200],"measured_values":[1178709.0,2262791.0,3343625.0,4451084.0,5605875.0,6945834.0,8032542.0,9061209.0,10139667.0,11257875.0,12369416.0,13455500.0,14646000.0,15712583.0,16807458.0,17943667.0,19040166.0,20164792.0,21313959.0,22405584.0,23493792.0,24583750.0,25744708.0,26897166.0,27976417.0,28981333.0,30171583.0,31284875.0,32379167.0,33500583.0,34688791.0,35843083.0,36936958.0,38023833.0,39116416.0,40222833.0,41332333.0,42467458.0,43543208.0,44637084.0,46326208.0,46990042.0,48114542.0,49234625.0,50389334.0,51413875.0,52573500.0,53620167.0,54786208.0,56164208.0,56935833.0,58042125.0,59185833.0,60366750.0,61470250.0,66085750.0,65064750.0,65461875.0,66502375.0,67405750.0,68430584.0,69589083.0,70607291.0,71730958.0,72766208.0,74678000.0,78049584.0,79250583.0,78209375.0,79000250.0,79691375.0,80815292.0,81784834.0,82986125.0,84109875.0,85146833.0,86911417.0,87964167.0,88402167.0,89499459.0,90519792.0,91637083.0,92823083.0,93927875.0,94991500.0,96059000.0,97144000.0,98289083.0,100907125.0,100590583.0,101664834.0,102669917.0,103756416.0,105621375.0,106285583.0,107187917.0,108285833.0,109644625.0,110615708.0,111712166.0],"unit":"ns","throughput":[],"typical":{"estimate":561033.8048071524,"lower_bound":559985.5059957722,"upper_bound":562335.2746458753,"unit":"ns"},"mean":{"estimate":561658.2759211956,"lower_bound":560571.429999749,"upper_bound":562927.4885657023,"unit":"ns"},"median":{"estimate":559589.6093939394,"lower_bound":559334.2765957447,"upper_bound":560209.3479452054,"unit":"ns"},"median_abs_dev":{"estimate":1656.4368008091706,"lower_bound":1246.4271114505257,"upper_bound":2337.877304494441,"unit":"ns"},"slope":{"estimate":561033.8048071524,"lower_bound":559985.5059957722,"upper_bound":562335.2746458753,"unit":"ns"},"change":{"mean":{"estimate":-0.3647711047074559,"lower_bound":-0.3761942518012191,"upper_bound":-0.3540308413170516,"unit":"%"},"median":{"estimate":-0.35900553686172,"lower_bound":-0.36666530691686694,"upper_bound":-0.3474146610453693,"unit":"%"},"change":"Improved"}}
{"reason":"group-complete","group_name":"Solutions","benchmarks":["Solutions/Day 07/Part 02 Disordered","Solutions/Day 07/Part 01 Disordered","Solutions/Day 01/Part 01","Solutions/Day 01/Part 02","Solutions/Day 02/Part 01","Solutions/Day 02/Part 02","Solutions/Day 03/Part 01","Solutions/Day 03/Part 02","Solutions/Day 04/Part 01","Solutions/Day 04/Part 02","Solutions/Day 05/Part 01","Solutions/Day 05/Part 02","Solutions/Day 06/Part 01","Solutions/Day 06/Part 02","Solutions/Day 07/Part 01","Solutions/Day 07/Part 02","Solutions/Day 08/Part 01","Solutions/Day 08/Part 02","Solutions/Day 09/Part 01","Solutions/Day 09/Part 02"],"report_directory":"/Volumes/Code/Personal/AOC2023/target/criterion/reports/Solutions"}
