{"reason":"benchmark-complete","id":"Solutions/Day 07/Part 01","report_directory":"/Volumes/Code/Personal/AOC2023/target/criterion/reports/Solutions/Day 07_Part 01","iteration_count":[3,6,9,12,15,18,21,24,27,30,33,36,39,42,45,48,51,54,57,60,63,66,69,72,75,78,81,84,87,90,93,96,99,102,105,108,111,114,117,120,123,126,129,132,135,138,141,144,147,150,153,156,159,162,165,168,171,174,177,180,183,186,189,192,195,198,201,204,207,210,213,216,219,222,225,228,231,234,237,240,243,246,249,252,255,258,261,264,267,270,273,276,279,282,285,288,291,294,297,300],"measured_values":[1129333.0,2239667.0,3803667.0,4499834.0,6071833.0,6967459.0,8142166.0,9205667.0,10318750.0,11401833.0,13008291.0,14004708.0,15138416.0,16096750.0,17570542.0,18268542.0,19462792.0,20475416.0,21925750.0,22931000.0,24424750.0,25417375.0,28798666.0,31586042.0,33401000.0,29939833.0,32286000.0,33393916.0,33291916.0,36110500.0,35403000.0,37172125.0,39346125.0,39178875.0,40531708.0,42304709.0,43338708.0,44510000.0,44835250.0,46227833.0,46744291.0,48427500.0,48517666.0,52590625.0,51900791.0,53599583.0,56103209.0,55320500.0,57692417.0,58284500.0,59434417.0,60181000.0,61831958.0,64473083.0,73488917.0,67617875.0,67835667.0,76145792.0,72009000.0,71724875.0,71730875.0,75552166.0,84332875.0,79053125.0,75644541.0,83793750.0,80228458.0,82663833.0,94368209.0,90104250.0,83377625.0,82161750.0,84501750.0,86928250.0,86462250.0,89747084.0,89633458.0,90267583.0,91293125.0,91449792.0,92657541.0,94881750.0,96050500.0,98388791.0,97697083.0,100995042.0,114424334.0,103931292.0,123415958.0,112376417.0,106631791.0,105866833.0,114906792.0,108138583.0,109327125.0,118967000.0,119861000.0,117159875.0,118612167.0,122821459.0],"unit":"ns","throughput":[],"typical":{"estimate":399628.42712674255,"lower_bound":394748.3760486159,"upper_bound":404994.89477926353,"unit":"ns"},"mean":{"estimate":396014.2160286611,"lower_bound":392512.4821400556,"upper_bound":399799.73558486684,"unit":"ns"},"median":{"estimate":388949.9528301887,"lower_bound":387209.6354166667,"upper_bound":391770.3441146064,"unit":"ns"},"median_abs_dev":{"estimate":9674.6106322101,"lower_bound":6599.286136050715,"upper_bound":12580.328750452223,"unit":"ns"},"slope":{"estimate":399628.42712674255,"lower_bound":394748.3760486159,"upper_bound":404994.89477926353,"unit":"ns"},"change":{"mean":{"estimate":-0.08544771959689246,"lower_bound":-0.10739453349644287,"upper_bound":-0.06371035878431508,"unit":"%"},"median":{"estimate":-0.07254217011733044,"lower_bound":-0.10205547105738566,"upper_bound":-0.04021254435116972,"unit":"%"},"change":"Improved"}}
{"reason":"benchmark-complete","id":"Solutions/Day 07/Part 02","report_directory":"/Volumes/Code/Personal/AOC2023/target/criterion/reports/Solutions/Day 07_Part 02","iteration_count":[3,6,9,12,15,18,21,24,27,30,33,36,39,42,45,48,51,54,57,60,63,66,69,72,75,78,81,84,87,90,93,96,99,102,105,108,111,114,117,120,123,126,129,132,135,138,141,144,147,150,153,156,159,162,165,168,171,174,177,180,183,186,189,192,195,198,201,204,207,210,213,216,219,222,225,228,231,234,237,240,243,246,249,252,255,258,261,264,267,270,273,276,279,282,285,288,291,294,297,300],"measured_values":[1149541.0,2271166.0,3611541.0,4809208.0,6235125.0,7269166.0,11038291.0,9799750.0,10549291.0,12060708.0,13113833.0,13873708.0,15191666.0,16570208.0,17516625.0,18746208.0,20395709.0,20441708.0,21905208.0,23696875.0,26230250.0,31106000.0,26867416.0,28463209.0,29886875.0,30429459.0,33379875.0,34144292.0,33867000.0,36859875.0,37979625.0,40173584.0,40831042.0,49796958.0,42880459.0,43119292.0,45936042.0,46448000.0,47736167.0,49506333.0,50811375.0,51416000.0,59187375.0,53221750.0,56666792.0,56174208.0,57623500.0,59954667.0,66584500.0,59741084.0,61635667.0,61933292.0,63013416.0,64401417.0,67969750.0,67034375.0,67445083.0,69383041.0,68932708.0,69776583.0,70790791.0,72151625.0,73568916.0,73764500.0,77780958.0,81966333.0,83528583.0,80827709.0,81993833.0,81967542.0,86885084.0,87766209.0,94632667.0,90374500.0,90870375.0,99726333.0,94932500.0,94365500.0,103558583.0,94264292.0,98383625.0,107713083.0,98675291.0,98238292.0,100020500.0,101966500.0,103008958.0,104492417.0,107394666.0,111498250.0,112872083.0,121421000.0,113894291.0,130968667.0,118113417.0,115806958.0,123884541.0,120608875.0,134705209.0,143484208.0],"unit":"ns","throughput":[],"typical":{"estimate":412401.76453376684,"lower_bound":406240.38147324126,"upper_bound":419090.6272925969,"unit":"ns"},"mean":{"estimate":408610.7496319723,"lower_bound":404193.55603780074,"upper_bound":413501.9504808431,"unit":"ns"},"median":{"estimate":403233.2216394716,"lower_bound":399014.1369047619,"upper_bound":407911.1924882629,"unit":"ns"},"median_abs_dev":{"estimate":13391.989471685294,"lower_bound":10579.607642387195,"upper_bound":17158.364357725517,"unit":"ns"},"slope":{"estimate":412401.76453376684,"lower_bound":406240.38147324126,"upper_bound":419090.6272925969,"unit":"ns"},"change":{"mean":{"estimate":-0.03520070920286866,"lower_bound":-0.06018946103946266,"upper_bound":-0.010852000642094375,"unit":"%"},"median":{"estimate":-0.0043156040569416465,"lower_bound":-0.01683838974766161,"upper_bound":0.008227712612726812,"unit":"%"},"change":"Improved"}}
{"reason":"group-complete","group_name":"Solutions","benchmarks":["Solutions/Day 01/Part 01","Solutions/Day 01/Part 02","Solutions/Day 02/Part 01","Solutions/Day 02/Part 02","Solutions/Day 03/Part 01","Solutions/Day 03/Part 02","Solutions/Day 04/Part 01","Solutions/Day 04/Part 02","Solutions/Day 05/Part 01","Solutions/Day 05/Part 02","Solutions/Day 06/Part 01","Solutions/Day 06/Part 02","Solutions/Day 07/Part 01","Solutions/Day 07/Part 02"],"report_directory":"/Volumes/Code/Personal/AOC2023/target/criterion/reports/Solutions"}
