{"reason":"benchmark-complete","id":"Solutions/Day 16/Part 01","report_directory":"/Volumes/Code/Personal/AOC2023/target/criterion/reports/Solutions/Day 16_Part 01","iteration_count":[1,2,3,4,5,6,7,8,9,10,11,12,13,14,15,16,17,18,19,20,21,22,23,24,25,26,27,28,29,30,31,32,33,34,35,36,37,38,39,40,41,42,43,44,45,46,47,48,49,50,51,52,53,54,55,56,57,58,59,60,61,62,63,64,65,66,67,68,69,70,71,72,73,74,75,76,77,78,79,80,81,82,83,84,85,86,87,88,89,90,91,92,93,94,95,96,97,98,99,100],"measured_values":[2007375.0,4024375.0,5948875.0,8141084.0,9859209.0,11921292.0,14034250.0,16317458.0,18452042.0,19709750.0,21674625.0,23165958.0,24530375.0,27170333.0,29058500.0,30924375.0,32885291.0,34466417.0,37615750.0,38628292.0,40743959.0,42245542.0,44356458.0,46744250.0,48194875.0,49862458.0,51839167.0,54508084.0,55530667.0,58074416.0,59666125.0,61691625.0,63419542.0,66166791.0,67570333.0,69128792.0,71387459.0,73485167.0,75144750.0,77176542.0,79223791.0,80860083.0,82632708.0,84652250.0,86867292.0,88340209.0,90696000.0,92101708.0,94609916.0,97028125.0,98326667.0,101013834.0,103121833.0,104442416.0,106948375.0,108941209.0,111986459.0,113799500.0,113924500.0,114216291.0,116091167.0,117462875.0,124867625.0,126137667.0,126905292.0,127008625.0,129122208.0,130632042.0,132700750.0,134802167.0,137267542.0,140764917.0,142061167.0,142716750.0,144320542.0,146422083.0,147870458.0,150368000.0,152289166.0,155970542.0,156303208.0,157455625.0,159768833.0,161507458.0,165503958.0,168422667.0,171028125.0,173551834.0,176262792.0,176580625.0,178633916.0,174549042.0,176644542.0,178999750.0,180387083.0,190581958.0,188604375.0,185032292.0,187254667.0,188522917.0],"unit":"ns","throughput":[],"typical":{"estimate":1932011.313787498,"lower_bound":1924307.062239036,"upper_bound":1939855.685761658,"unit":"ns"},"mean":{"estimate":1939916.6272365246,"lower_bound":1934053.3800039864,"upper_bound":1946149.4849813562,"unit":"ns"},"median":{"estimate":1930697.7775510205,"lower_bound":1927973.862745098,"upper_bound":1935831.1078431373,"unit":"ns"},"median_abs_dev":{"estimate":17634.15338116201,"lower_bound":12426.401761991343,"upper_bound":24230.723047471187,"unit":"ns"},"slope":{"estimate":1932011.313787498,"lower_bound":1924307.062239036,"upper_bound":1939855.685761658,"unit":"ns"},"change":{"mean":{"estimate":-0.03694607297146346,"lower_bound":-0.04115208072254996,"upper_bound":-0.03302771692132898,"unit":"%"},"median":{"estimate":-0.0434801390388031,"lower_bound":-0.04566852731991333,"upper_bound":-0.04070178290857018,"unit":"%"},"change":"Improved"}}
{"reason":"benchmark-complete","id":"Solutions/Day 16/Part 02","report_directory":"/Volumes/Code/Personal/AOC2023/target/criterion/reports/Solutions/Day 16_Part 02","iteration_count":[1,1,1,1,1,1,1,1,1,1,1,1,1,1,1,1,1,1,1,1,1,1,1,1,1,1,1,1,1,1,1,1,1,1,1,1,1,1,1,1,1,1,1,1,1,1,1,1,1,1,1,1,1,1,1,1,1,1,1,1,1,1,1,1,1,1,1,1,1,1,1,1,1,1,1,1,1,1,1,1,1,1,1,1,1,1,1,1,1,1,1,1,1,1,1,1,1,1,1,1],"measured_values":[111492833.0,107647833.0,112233500.0,122173709.0,111100625.0,118493625.0,113703542.0,110258083.0,109370416.0,111343791.0,107447209.0,109299000.0,110191458.0,112003833.0,113190583.0,110083208.0,111329958.0,111363584.0,108985209.0,109658250.0,107941500.0,108714459.0,109489292.0,113582000.0,109355917.0,112548666.0,110741541.0,108914666.0,108524041.0,111445625.0,109781500.0,109517583.0,109288542.0,108828875.0,109376000.0,109658250.0,109201292.0,109881500.0,109977833.0,110151125.0,111218209.0,110311334.0,109331750.0,109815542.0,115538917.0,108264708.0,108752750.0,108890750.0,108581167.0,115050875.0,114029833.0,112850917.0,110705708.0,110094458.0,111190708.0,108945333.0,109096125.0,109184209.0,114018750.0,119135750.0,110728833.0,114347334.0,110032750.0,110289125.0,110600875.0,110004334.0,110149709.0,110981042.0,110800417.0,109604000.0,111689333.0,109150167.0,108321834.0,108933500.0,110852459.0,110118292.0,110356625.0,110645000.0,109483666.0,110641125.0,115446541.0,110213917.0,110607125.0,109300708.0,111468917.0,110604125.0,110007166.0,111263500.0,109793084.0,111402333.0,109014334.0,111201916.0,112888375.0,110228875.0,110118667.0,117923375.0,117715792.0,111015750.0,114711625.0,111500083.0],"unit":"ns","throughput":[],"typical":{"estimate":110974548.77,"lower_bound":110504562.32025,"upper_bound":111491780.1165,"unit":"ns"},"mean":{"estimate":110974548.77,"lower_bound":110504562.32025,"upper_bound":111491780.1165,"unit":"ns"},"median":{"estimate":110243479.0,"lower_bound":110032750.0,"upper_bound":110705708.0,"unit":"ns"},"median_abs_dev":{"estimate":1478708.8900476694,"lower_bound":1172767.713779211,"upper_bound":1904399.6661901474,"unit":"ns"},"slope":null,"change":{"mean":{"estimate":-0.7940511160251728,"lower_bound":-0.7950790450331144,"upper_bound":-0.7930406738494423,"unit":"%"},"median":{"estimate":-0.7955599501855924,"lower_bound":-0.7959697894428044,"upper_bound":-0.7945677919398867,"unit":"%"},"change":"Improved"}}
{"reason":"group-complete","group_name":"Solutions","benchmarks":["Solutions/Day 07/Part 02 Disordered","Solutions/Day 07/Part 01 Disordered","Solutions/Day 01/Part 01","Solutions/Day 01/Part 02","Solutions/Day 02/Part 01","Solutions/Day 02/Part 02","Solutions/Day 03/Part 01","Solutions/Day 03/Part 02","Solutions/Day 04/Part 01","Solutions/Day 04/Part 02","Solutions/Day 05/Part 01","Solutions/Day 05/Part 02","Solutions/Day 06/Part 01","Solutions/Day 06/Part 02","Solutions/Day 07/Part 01","Solutions/Day 07/Part 02","Solutions/Day 08/Part 01","Solutions/Day 08/Part 02","Solutions/Day 09/Part 01","Solutions/Day 09/Part 02","Solutions/Day 10/Part 01","Solutions/Day 10/Part 02","Solutions/Day 11/Part 01","Solutions/Day 11/Part 02","Solutions/Day 12/Part 01","Solutions/Day 12/Part 02","Solutions/Day 13/Part 01","Solutions/Day 13/Part 02","Solutions/Day 14/Part 01","Solutions/Day 14/Part 02","Solutions/Day 15/Part 01","Solutions/Day 15/Part 02","Solutions/Day 16/Part 01","Solutions/Day 16/Part 02","Solutions/Day 17/Part 01","Solutions/Day 17/Part 02"],"report_directory":"/Volumes/Code/Personal/AOC2023/target/criterion/reports/Solutions"}
