{"reason":"benchmark-complete","id":"Solutions/Day 07/Part 01","report_directory":"/Volumes/Code/Personal/AOC2023/target/criterion/reports/Solutions/Day 07_Part 01","iteration_count":[3,6,9,12,15,18,21,24,27,30,33,36,39,42,45,48,51,54,57,60,63,66,69,72,75,78,81,84,87,90,93,96,99,102,105,108,111,114,117,120,123,126,129,132,135,138,141,144,147,150,153,156,159,162,165,168,171,174,177,180,183,186,189,192,195,198,201,204,207,210,213,216,219,222,225,228,231,234,237,240,243,246,249,252,255,258,261,264,267,270,273,276,279,282,285,288,291,294,297,300],"measured_values":[1148334.0,2263542.0,3297542.0,4412416.0,5503208.0,6976083.0,7838000.0,8905333.0,9974000.0,11058917.0,12168917.0,13335334.0,14412167.0,15486375.0,16670041.0,17731041.0,19158958.0,20143833.0,21071875.0,22725250.0,23859875.0,24493375.0,25515083.0,26628667.0,27660959.0,28797167.0,30042250.0,31048000.0,32162458.0,33181250.0,34308375.0,35417291.0,36473208.0,37577792.0,38646875.0,39670708.0,40866500.0,42347417.0,43901250.0,44237584.0,45358333.0,46233083.0,47526167.0,48584500.0,49598875.0,50758208.0,51871666.0,53273541.0,54451334.0,55420791.0,56388041.0,57427958.0,59204458.0,60956500.0,61429042.0,62226500.0,63036166.0,64081541.0,65151958.0,66221792.0,67383959.0,68434792.0,69499125.0,70707708.0,72128792.0,72820750.0,73966875.0,75266583.0,76273250.0,77297666.0,78760708.0,79585375.0,80480209.0,81252875.0,82374375.0,83390875.0,84731208.0,85987000.0,87079917.0,87793167.0,88968708.0,90218333.0,91807083.0,97797375.0,95526583.0,96987666.0,96808750.0,97752875.0,98930375.0,99837208.0,101009833.0,101926291.0,103457541.0,104353041.0,105319500.0,106336834.0,107424834.0,109222959.0,109747125.0,110804459.0],"unit":"ns","throughput":[],"typical":{"estimate":369640.1473730358,"lower_bound":368828.67994178494,"upper_bound":370674.1416208064,"unit":"ns"},"mean":{"estimate":370057.72898488684,"lower_bound":369358.77697572723,"upper_bound":370849.6432952791,"unit":"ns"},"median":{"estimate":369055.6716949666,"lower_bound":368646.5333333333,"upper_bound":369542.1052631579,"unit":"ns"},"median_abs_dev":{"estimate":1621.9281642944447,"lower_bound":1244.215665043737,"upper_bound":2152.319693546442,"unit":"ns"},"slope":{"estimate":369640.1473730358,"lower_bound":368828.67994178494,"upper_bound":370674.1416208064,"unit":"ns"},"change":{"mean":{"estimate":-0.017958298109416293,"lower_bound":-0.02386097148021471,"upper_bound":-0.012507792519957395,"unit":"%"},"median":{"estimate":-0.010681719732910988,"lower_bound":-0.013727333149194054,"upper_bound":-0.007769318372495176,"unit":"%"},"change":"Improved"}}
{"reason":"benchmark-complete","id":"Solutions/Day 07/Part 02","report_directory":"/Volumes/Code/Personal/AOC2023/target/criterion/reports/Solutions/Day 07_Part 02","iteration_count":[3,6,9,12,15,18,21,24,27,30,33,36,39,42,45,48,51,54,57,60,63,66,69,72,75,78,81,84,87,90,93,96,99,102,105,108,111,114,117,120,123,126,129,132,135,138,141,144,147,150,153,156,159,162,165,168,171,174,177,180,183,186,189,192,195,198,201,204,207,210,213,216,219,222,225,228,231,234,237,240,243,246,249,252,255,258,261,264,267,270,273,276,279,282,285,288,291,294,297,300],"measured_values":[1309208.0,2352625.0,3407917.0,4537041.0,5648041.0,7246666.0,7892625.0,9041459.0,10110542.0,11248125.0,12350000.0,13520875.0,14601083.0,15766500.0,16857333.0,18014334.0,19302959.0,20340041.0,21596666.0,22536250.0,23603792.0,24835875.0,25884792.0,27062542.0,28238875.0,29336958.0,30463375.0,31460042.0,32558041.0,33793667.0,34882292.0,35971041.0,37518875.0,39348792.0,42096917.0,40813083.0,41774875.0,42943333.0,43933458.0,45096125.0,46259125.0,47558375.0,48388167.0,49735834.0,50738333.0,51819000.0,52892625.0,54005875.0,55039833.0,56217042.0,57309791.0,58497000.0,59733708.0,61121375.0,62388583.0,63051208.0,64042459.0,65200542.0,66409083.0,67697542.0,69612333.0,69885125.0,71158209.0,72104542.0,73258208.0,74281875.0,75357583.0,76421375.0,77561375.0,78684917.0,79847750.0,80923458.0,81948125.0,83214042.0,84881209.0,85690667.0,86760791.0,88003417.0,89142542.0,90249292.0,91243625.0,92540875.0,93693042.0,95409416.0,97323417.0,99264667.0,99360792.0,100211917.0,100291208.0,102149666.0,104181208.0,114118458.0,108676834.0,106483542.0,107590541.0,108415167.0,109684083.0,112807959.0,114313958.0,114487500.0],"unit":"ns","throughput":[],"typical":{"estimate":378741.21329589677,"lower_bound":377061.9763357105,"upper_bound":380931.8054075367,"unit":"ns"},"mean":{"estimate":378346.46817635826,"lower_bound":376929.4278097993,"upper_bound":380126.30715215317,"unit":"ns"},"median":{"estimate":375953.6777777778,"lower_bound":375604.1666666667,"upper_bound":376313.7511668295,"unit":"ns"},"median_abs_dev":{"estimate":1572.995257284315,"lower_bound":1120.9925044227055,"upper_bound":2124.526919982416,"unit":"ns"},"slope":{"estimate":378741.21329589677,"lower_bound":377061.9763357105,"upper_bound":380931.8054075367,"unit":"ns"},"change":{"mean":{"estimate":-0.023988417466226597,"lower_bound":-0.03271601275665802,"upper_bound":-0.015707448867468804,"unit":"%"},"median":{"estimate":-0.01381128510241747,"lower_bound":-0.019681876579770274,"upper_bound":-0.012010755737857936,"unit":"%"},"change":"Improved"}}
{"reason":"group-complete","group_name":"Solutions","benchmarks":["Solutions/Day 01/Part 01","Solutions/Day 01/Part 02","Solutions/Day 02/Part 01","Solutions/Day 02/Part 02","Solutions/Day 03/Part 01","Solutions/Day 03/Part 02","Solutions/Day 04/Part 01","Solutions/Day 04/Part 02","Solutions/Day 05/Part 01","Solutions/Day 05/Part 02","Solutions/Day 06/Part 01","Solutions/Day 06/Part 02","Solutions/Day 07/Part 01","Solutions/Day 07/Part 02"],"report_directory":"/Volumes/Code/Personal/AOC2023/target/criterion/reports/Solutions"}
