{"reason":"benchmark-complete","id":"Solutions/Day 03/Part 01","report_directory":"/Volumes/Code/Personal/AOC2023/target/criterion/reports/Solutions/Day 03_Part 01","iteration_count":[2,4,6,8,10,12,14,16,18,20,22,24,26,28,30,32,34,36,38,40,42,44,46,48,50,52,54,56,58,60,62,64,66,68,70,72,74,76,78,80,82,84,86,88,90,92,94,96,98,100,102,104,106,108,110,112,114,116,118,120,122,124,126,128,130,132,134,136,138,140,142,144,146,148,150,152,154,156,158,160,162,164,166,168,170,172,174,176,178,180,182,184,186,188,190,192,194,196,198,200],"measured_values":[1135666.0,2393041.0,3381625.0,4410584.0,5566417.0,6616125.0,7651459.0,8746667.0,9873375.0,10943167.0,12072084.0,13110209.0,14198084.0,15320084.0,16385334.0,17477084.0,18574125.0,19766083.0,20793917.0,21884792.0,23007542.0,24088917.0,25136292.0,26286000.0,27655458.0,28466083.0,29466167.0,30629375.0,32064042.0,33169959.0,34017834.0,35277958.0,36115667.0,37270875.0,38245084.0,39338292.0,40460875.0,41764250.0,44135167.0,43878458.0,44888458.0,46023417.0,47071250.0,48755375.0,49400167.0,50400792.0,51432958.0,52530083.0,53606708.0,54884541.0,55788208.0,57172542.0,57952666.0,59415125.0,60206458.0,61264625.0,62296417.0,63424250.0,64502958.0,65682000.0,66716750.0,68202000.0,68863500.0,69984083.0,71069500.0,72225000.0,73564583.0,75538583.0,76044833.0,76748917.0,77717834.0,79519709.0,79932250.0,81041875.0,82512834.0,85291375.0,86586291.0,86854375.0,87404083.0,87865875.0,88807375.0,90519542.0,91426458.0,92153917.0,93057750.0,94702958.0,95273458.0,96241166.0,97365666.0,99641166.0,100275750.0,100752000.0,101727291.0,102973791.0,103954500.0,105450625.0,106116375.0,107171292.0,108233375.0,110017125.0],"unit":"ns","throughput":[],"typical":{"estimate":549265.6525846018,"lower_bound":548448.6500933326,"upper_bound":550202.7792467399,"unit":"ns"},"mean":{"estimate":549807.8098407161,"lower_bound":548701.3884214563,"upper_bound":551195.321433759,"unit":"ns"},"median":{"estimate":547572.7269388954,"lower_bound":547320.0632522407,"upper_bound":548480.725,"unit":"ns"},"median_abs_dev":{"estimate":1482.2337361850869,"lower_bound":1001.5798874815915,"upper_bound":2383.9984523657395,"unit":"ns"},"slope":{"estimate":549265.6525846018,"lower_bound":548448.6500933326,"upper_bound":550202.7792467399,"unit":"ns"},"change":{"mean":{"estimate":-0.023919889003454542,"lower_bound":-0.029228703516309663,"upper_bound":-0.018749436406439043,"unit":"%"},"median":{"estimate":-0.01729326805629572,"lower_bound":-0.019012507025331415,"upper_bound":-0.015404282354855137,"unit":"%"},"change":"Improved"}}
{"reason":"benchmark-complete","id":"Solutions/Day 03/Part 02","report_directory":"/Volumes/Code/Personal/AOC2023/target/criterion/reports/Solutions/Day 03_Part 02","iteration_count":[4,8,12,16,20,24,28,32,36,40,44,48,52,56,60,64,68,72,76,80,84,88,92,96,100,104,108,112,116,120,124,128,132,136,140,144,148,152,156,160,164,168,172,176,180,184,188,192,196,200,204,208,212,216,220,224,228,232,236,240,244,248,252,256,260,264,268,272,276,280,284,288,292,296,300,304,308,312,316,320,324,328,332,336,340,344,348,352,356,360,364,368,372,376,380,384,388,392,396,400],"measured_values":[1372541.0,2785458.0,3851291.0,5249375.0,6349083.0,7802167.0,8894000.0,10137583.0,11409542.0,13025917.0,14204500.0,15273792.0,16517833.0,17762209.0,19073959.0,20334625.0,21878833.0,22986000.0,24296167.0,25571834.0,26783542.0,28026333.0,29378541.0,30613083.0,31895834.0,33160333.0,34438333.0,35802709.0,36989333.0,38394916.0,39499250.0,40716459.0,42019958.0,43271333.0,44585125.0,46267541.0,47184375.0,48387375.0,49668542.0,50885458.0,52214334.0,53433000.0,55163375.0,56200834.0,57674375.0,58762292.0,59771917.0,61135291.0,62368125.0,64030958.0,64868750.0,66171416.0,67852708.0,68675334.0,69971083.0,72297375.0,75532208.0,75371292.0,76236208.0,76702083.0,78015834.0,79210250.0,80276709.0,82152667.0,82574333.0,84294667.0,85161250.0,86504000.0,87627167.0,89108291.0,90581541.0,91857875.0,92842042.0,94083833.0,97255542.0,97780584.0,98254625.0,99540709.0,100812417.0,103204875.0,104198417.0,105166459.0,106173625.0,107082958.0,108093000.0,109299083.0,111366250.0,111892334.0,113332583.0,114422333.0,115655375.0,116731875.0,117855625.0,119677167.0,120342833.0,121567667.0,122805334.0,124104667.0,126368875.0,126685666.0],"unit":"ns","throughput":[],"typical":{"estimate":318868.9445736663,"lower_bound":318381.61943841906,"upper_bound":319433.4157681665,"unit":"ns"},"mean":{"estimate":319824.7747891162,"lower_bound":319069.90782545134,"upper_bound":320773.34454740986,"unit":"ns"},"median":{"estimate":318756.3121782497,"lower_bound":318337.99342105264,"upper_bound":319008.5227272727,"unit":"ns"},"median_abs_dev":{"estimate":1332.218255537559,"lower_bound":907.765816581128,"upper_bound":1675.9396655618484,"unit":"ns"},"slope":{"estimate":318868.9445736663,"lower_bound":318381.61943841906,"upper_bound":319433.4157681665,"unit":"ns"},"change":{"mean":{"estimate":-0.01832752065274157,"lower_bound":-0.022041969808408158,"upper_bound":-0.014438436910102095,"unit":"%"},"median":{"estimate":-0.017330719313852883,"lower_bound":-0.019125478590360904,"upper_bound":-0.016112128296687067,"unit":"%"},"change":"Improved"}}
{"reason":"group-complete","group_name":"Solutions","benchmarks":["Solutions/Day 01/Part 01","Solutions/Day 01/Part 02","Solutions/Day 02/Part 01","Solutions/Day 02/Part 02","Solutions/Day 03/Part 01","Solutions/Day 03/Part 02"],"report_directory":"/Volumes/Code/Personal/AOC2023/target/criterion/reports/Solutions"}
