{"reason":"benchmark-complete","id":"Solutions/Day 02/Part 01","report_directory":"/Volumes/Code/Personal/AOC2023/target/criterion/reports/Solutions/Day 02_Part 01","iteration_count":[26,52,78,104,130,156,182,208,234,260,286,312,338,364,390,416,442,468,494,520,546,572,598,624,650,676,702,728,754,780,806,832,858,884,910,936,962,988,1014,1040,1066,1092,1118,1144,1170,1196,1222,1248,1274,1300,1326,1352,1378,1404,1430,1456,1482,1508,1534,1560,1586,1612,1638,1664,1690,1716,1742,1768,1794,1820,1846,1872,1898,1924,1950,1976,2002,2028,2054,2080,2106,2132,2158,2184,2210,2236,2262,2288,2314,2340,2366,2392,2418,2444,2470,2496,2522,2548,2574,2600],"measured_values":[1164875.0,1990291.0,2956375.0,3960709.0,5080167.0,6017666.0,6902500.0,7902750.0,8859166.0,9883417.0,10841625.0,11849958.0,12840125.0,13828750.0,14800250.0,15785792.0,16745917.0,17872500.0,18831083.0,19734750.0,20772292.0,21729458.0,22726416.0,23898250.0,24933458.0,25674875.0,26630708.0,27640875.0,28623791.0,29621333.0,30626708.0,31619542.0,32621875.0,34351125.0,34588541.0,35596417.0,36644208.0,37486708.0,38550250.0,39537125.0,40444333.0,41570166.0,42764875.0,43531125.0,44451500.0,45371750.0,46573417.0,52732334.0,50467334.0,49753542.0,50489250.0,51492833.0,52472375.0,53579292.0,54432000.0,55689458.0,56652291.0,57358208.0,58254417.0,59349375.0,60333208.0,61613375.0,62701709.0,63354667.0,64362917.0,65293500.0,66168708.0,67255041.0,68682917.0,69165708.0,70560666.0,74659166.0,73465458.0,73324709.0,74247792.0,75088875.0,76434708.0,77142459.0,78083583.0,79405833.0,79928250.0,80928041.0,82104583.0,82702583.0,84623834.0,84782208.0,85698292.0,86739917.0,87743875.0,88781458.0,89742458.0,90824833.0,92026834.0,93002667.0,93820875.0,94867875.0,95836833.0,97163833.0,97647708.0,98891334.0],"unit":"ns","throughput":[],"typical":{"estimate":38121.00683975401,"lower_bound":38045.06750141475,"upper_bound":38222.50754959144,"unit":"ns"},"mean":{"estimate":38216.890615720426,"lower_bound":38080.588953173785,"upper_bound":38401.005329133855,"unit":"ns"},"median":{"estimate":38032.74425213675,"lower_bound":38004.040133779265,"upper_bound":38051.682692307695,"unit":"ns"},"median_abs_dev":{"estimate":106.86398081545622,"lower_bound":74.95250739612277,"upper_bound":145.09555607788397,"unit":"ns"},"slope":{"estimate":38121.00683975401,"lower_bound":38045.06750141475,"upper_bound":38222.50754959144,"unit":"ns"},"change":{"mean":{"estimate":0.0038253439469841943,"lower_bound":-0.00026659027058659115,"upper_bound":0.009114535454168692,"unit":"%"},"median":{"estimate":0.0028361772420293363,"lower_bound":0.0005488788301240284,"upper_bound":0.003909009969930155,"unit":"%"},"change":"NoChange"}}
{"reason":"benchmark-complete","id":"Solutions/Day 02/Part 02","report_directory":"/Volumes/Code/Personal/AOC2023/target/criterion/reports/Solutions/Day 02_Part 02","iteration_count":[26,52,78,104,130,156,182,208,234,260,286,312,338,364,390,416,442,468,494,520,546,572,598,624,650,676,702,728,754,780,806,832,858,884,910,936,962,988,1014,1040,1066,1092,1118,1144,1170,1196,1222,1248,1274,1300,1326,1352,1378,1404,1430,1456,1482,1508,1534,1560,1586,1612,1638,1664,1690,1716,1742,1768,1794,1820,1846,1872,1898,1924,1950,1976,2002,2028,2054,2080,2106,2132,2158,2184,2210,2236,2262,2288,2314,2340,2366,2392,2418,2444,2470,2496,2522,2548,2574,2600],"measured_values":[1029000.0,2219000.0,2946917.0,3936500.0,4936709.0,5964042.0,6915792.0,7853542.0,8852875.0,9839458.0,10821834.0,11813875.0,12864666.0,13935541.0,14973375.0,15989834.0,16831917.0,17812125.0,18774541.0,19682875.0,20759583.0,21709291.0,22675958.0,23751292.0,24629166.0,25734125.0,26786375.0,27606000.0,28609583.0,29945958.0,30615792.0,31649541.0,32590750.0,33478375.0,34553541.0,35468625.0,36533750.0,40385917.0,40853334.0,41154875.0,40697708.0,41438000.0,42434042.0,43467083.0,44574416.0,45832833.0,46784250.0,47709042.0,48514916.0,49514584.0,50521042.0,51484833.0,52545875.0,53340958.0,54256958.0,55417500.0,56393375.0,57330209.0,58365459.0,59353417.0,60282375.0,61367292.0,62311292.0,66404166.0,65083709.0,66785500.0,66381458.0,67255667.0,68225208.0,69465167.0,70196250.0,71176708.0,72057000.0,73228792.0,74039375.0,75118041.0,76108542.0,77046792.0,78492708.0,79004250.0,79995875.0,81050958.0,82433084.0,82877167.0,83743042.0,84867959.0,85802125.0,87233917.0,88109333.0,88967417.0,90187208.0,90422125.0,91497459.0,92708542.0,93899875.0,94852792.0,95836584.0,96759708.0,97863583.0,98912083.0],"unit":"ns","throughput":[],"typical":{"estimate":38091.45315501699,"lower_bound":38032.93339157851,"upper_bound":38167.15886125934,"unit":"ns"},"mean":{"estimate":38188.02792963134,"lower_bound":38074.08202545641,"upper_bound":38329.70765570567,"unit":"ns"},"median":{"estimate":38020.73898046398,"lower_bound":38001.919871794875,"upper_bound":38049.636015519565,"unit":"ns"},"median_abs_dev":{"estimate":99.95362435833583,"lower_bound":74.22595687080796,"upper_bound":142.26321989739844,"unit":"ns"},"slope":{"estimate":38091.45315501699,"lower_bound":38032.93339157851,"upper_bound":38167.15886125934,"unit":"ns"},"change":{"mean":{"estimate":0.003641021568293601,"lower_bound":0.00008706545754375025,"upper_bound":0.007383719426266062,"unit":"%"},"median":{"estimate":0.00210500434539429,"lower_bound":0.001424006518674359,"upper_bound":0.002996465230740819,"unit":"%"},"change":"NoChange"}}
{"reason":"group-complete","group_name":"Solutions","benchmarks":["Solutions/Day 07/Part 02 Disordered","Solutions/Day 07/Part 01 Disordered","Solutions/Day 01/Part 01","Solutions/Day 01/Part 02","Solutions/Day 02/Part 01","Solutions/Day 02/Part 02","Solutions/Day 03/Part 01","Solutions/Day 03/Part 02","Solutions/Day 04/Part 01","Solutions/Day 04/Part 02","Solutions/Day 05/Part 01","Solutions/Day 05/Part 02","Solutions/Day 06/Part 01","Solutions/Day 06/Part 02","Solutions/Day 07/Part 01","Solutions/Day 07/Part 02","Solutions/Day 08/Part 01","Solutions/Day 08/Part 02"],"report_directory":"/Volumes/Code/Personal/AOC2023/target/criterion/reports/Solutions"}
