{"reason":"benchmark-complete","id":"Solutions/Day 02/Part 01","report_directory":"/Volumes/Code/Personal/AOC2023/target/criterion/reports/Solutions/Day 02_Part 01","iteration_count":[27,54,81,108,135,162,189,216,243,270,297,324,351,378,405,432,459,486,513,540,567,594,621,648,675,702,729,756,783,810,837,864,891,918,945,972,999,1026,1053,1080,1107,1134,1161,1188,1215,1242,1269,1296,1323,1350,1377,1404,1431,1458,1485,1512,1539,1566,1593,1620,1647,1674,1701,1728,1755,1782,1809,1836,1863,1890,1917,1944,1971,1998,2025,2052,2079,2106,2133,2160,2187,2214,2241,2268,2295,2322,2349,2376,2403,2430,2457,2484,2511,2538,2565,2592,2619,2646,2673,2700],"measured_values":[1069750.0,2105875.0,3019583.0,4068166.0,5185542.0,6645458.0,7200958.0,8430958.0,9367209.0,10485833.0,11665417.0,12517166.0,13731125.0,14684416.0,15559167.0,16920000.0,17842959.0,18870209.0,19634000.0,20676417.0,21778250.0,22360791.0,23540333.0,24234291.0,25253250.0,26300458.0,27314125.0,28298291.0,29267208.0,30260167.0,31302209.0,32314917.0,33322292.0,34271667.0,35261958.0,36334250.0,37441875.0,38383709.0,39296875.0,40275042.0,41336750.0,42386250.0,43516083.0,44770541.0,45334750.0,46298208.0,47371208.0,48345792.0,49345292.0,50367875.0,51385250.0,52389958.0,53403750.0,54406333.0,55466000.0,56688667.0,57388083.0,59526208.0,59857291.0,60892541.0,61633458.0,64207416.0,63852250.0,64697292.0,65619000.0,66628209.0,67581750.0,68606792.0,69572917.0,70511083.0,71582083.0,72501084.0,73617167.0,74550583.0,75602083.0,76932792.0,77839292.0,79415500.0,79670916.0,80602333.0,81631791.0,82642291.0,83742875.0,88815792.0,87149542.0,87139000.0,87883959.0,90204125.0,90242041.0,91044666.0,92106000.0,93060917.0,94162542.0,95137625.0,97424333.0,99301750.0,102923291.0,105574667.0,102171500.0,103633291.0],"unit":"ns","throughput":[],"typical":{"estimate":37718.61653427034,"lower_bound":37546.875403944934,"upper_bound":37912.47941783702,"unit":"ns"},"mean":{"estimate":37811.04166922463,"lower_bound":37680.364521661,"upper_bound":37957.909268212985,"unit":"ns"},"median":{"estimate":37464.58858231141,"lower_bound":37398.75645342312,"upper_bound":37510.03353789836,"unit":"ns"},"median_abs_dev":{"estimate":219.77346452670778,"lower_bound":126.38344703792954,"upper_bound":289.2513125285818,"unit":"ns"},"slope":{"estimate":37718.61653427034,"lower_bound":37546.875403944934,"upper_bound":37912.47941783702,"unit":"ns"},"change":{"mean":{"estimate":-0.021743270876795173,"lower_bound":-0.03310131788041874,"upper_bound":-0.011657217609607457,"unit":"%"},"median":{"estimate":-0.014101665234729555,"lower_bound":-0.01846625468394414,"upper_bound":-0.011170119054154104,"unit":"%"},"change":"Improved"}}
{"reason":"benchmark-complete","id":"Solutions/Day 02/Part 02","report_directory":"/Volumes/Code/Personal/AOC2023/target/criterion/reports/Solutions/Day 02_Part 02","iteration_count":[27,54,81,108,135,162,189,216,243,270,297,324,351,378,405,432,459,486,513,540,567,594,621,648,675,702,729,756,783,810,837,864,891,918,945,972,999,1026,1053,1080,1107,1134,1161,1188,1215,1242,1269,1296,1323,1350,1377,1404,1431,1458,1485,1512,1539,1566,1593,1620,1647,1674,1701,1728,1755,1782,1809,1836,1863,1890,1917,1944,1971,1998,2025,2052,2079,2106,2133,2160,2187,2214,2241,2268,2295,2322,2349,2376,2403,2430,2457,2484,2511,2538,2565,2592,2619,2646,2673,2700],"measured_values":[1044875.0,2071208.0,3019500.0,4012709.0,5025167.0,6539583.0,7073291.0,8120583.0,9059708.0,10055833.0,11058500.0,12059459.0,13081875.0,14083291.0,15099667.0,16118000.0,17073042.0,18119875.0,19163500.0,20127625.0,21121292.0,22186042.0,23127042.0,24156083.0,25220375.0,26397208.0,27212750.0,28219042.0,29133000.0,31227709.0,32849750.0,33850417.0,36090208.0,36095541.0,35390208.0,36303458.0,37327416.0,38287208.0,39411375.0,40286000.0,41338417.0,42298292.0,43313792.0,44318084.0,45277084.0,46319417.0,47322042.0,48525833.0,49402875.0,50404208.0,53455917.0,52828500.0,53448625.0,54337333.0,55469000.0,56478958.0,57457583.0,58346792.0,59473167.0,60487125.0,61428208.0,62544750.0,63395750.0,64423833.0,65495750.0,67271542.0,69346000.0,68885542.0,69481625.0,70466458.0,72503916.0,72309041.0,73419500.0,74385750.0,75334791.0,79043333.0,80665167.0,78424083.0,79330625.0,80375708.0,81573750.0,83017625.0,83517459.0,84451083.0,85466583.0,87471375.0,87792834.0,88702667.0,89676500.0,90838291.0,91675875.0,98318042.0,95486875.0,95847917.0,95761750.0,96652375.0,97681500.0,98716541.0,99864000.0,100763084.0],"unit":"ns","throughput":[],"typical":{"estimate":37523.96466545162,"lower_bound":37404.86951317373,"upper_bound":37673.1241302434,"unit":"ns"},"mean":{"estimate":37571.2472486608,"lower_bound":37451.26947826904,"upper_bound":37709.028257805134,"unit":"ns"},"median":{"estimate":37319.58820512821,"lower_bound":37300.08112874779,"upper_bound":37341.55328798186,"unit":"ns"},"median_abs_dev":{"estimate":78.6847399569104,"lower_bound":60.4063353689122,"upper_bound":134.55216333627033,"unit":"ns"},"slope":{"estimate":37523.96466545162,"lower_bound":37404.86951317373,"upper_bound":37673.1241302434,"unit":"ns"},"change":{"mean":{"estimate":-0.01563517159599237,"lower_bound":-0.02559111975011434,"upper_bound":-0.007996139598708558,"unit":"%"},"median":{"estimate":-0.013350834169421621,"lower_bound":-0.014868413198611652,"upper_bound":-0.011872191654959119,"unit":"%"},"change":"NoChange"}}
{"reason":"group-complete","group_name":"Solutions","benchmarks":["Solutions/Day 07/Part 02 Disordered","Solutions/Day 07/Part 01 Disordered","Solutions/Day 01/Part 01","Solutions/Day 01/Part 02","Solutions/Day 02/Part 01","Solutions/Day 02/Part 02","Solutions/Day 03/Part 01","Solutions/Day 03/Part 02","Solutions/Day 04/Part 01","Solutions/Day 04/Part 02","Solutions/Day 05/Part 01","Solutions/Day 05/Part 02","Solutions/Day 06/Part 01","Solutions/Day 06/Part 02","Solutions/Day 07/Part 01","Solutions/Day 07/Part 02"],"report_directory":"/Volumes/Code/Personal/AOC2023/target/criterion/reports/Solutions"}
