{"reason":"benchmark-complete","id":"Solutions/Day 02/Part 01","report_directory":"/Volumes/Code/Personal/AOC2023/target/criterion/reports/Solutions/Day 02_Part 01","iteration_count":[26,52,78,104,130,156,182,208,234,260,286,312,338,364,390,416,442,468,494,520,546,572,598,624,650,676,702,728,754,780,806,832,858,884,910,936,962,988,1014,1040,1066,1092,1118,1144,1170,1196,1222,1248,1274,1300,1326,1352,1378,1404,1430,1456,1482,1508,1534,1560,1586,1612,1638,1664,1690,1716,1742,1768,1794,1820,1846,1872,1898,1924,1950,1976,2002,2028,2054,2080,2106,2132,2158,2184,2210,2236,2262,2288,2314,2340,2366,2392,2418,2444,2470,2496,2522,2548,2574,2600],"measured_values":[1170125.0,2188709.0,3306500.0,4304875.0,5240000.0,6216250.0,7538834.0,8849375.0,9460250.0,10252666.0,11267333.0,12230750.0,13156000.0,14176083.0,15187042.0,16206625.0,17206208.0,18384875.0,19247375.0,20255583.0,21347959.0,22257417.0,23303292.0,24288292.0,25382125.0,26307333.0,27333125.0,28343083.0,29376292.0,30362917.0,31380834.0,32392208.0,33687500.0,34486833.0,35529042.0,36439291.0,37478958.0,38533833.0,39487084.0,40474375.0,41540916.0,42661666.0,43577167.0,44598250.0,45707792.0,46672250.0,47654333.0,48661167.0,49695667.0,50547500.0,51545416.0,52504041.0,53629250.0,54559125.0,55872792.0,56710584.0,57789959.0,58863083.0,59612541.0,60606291.0,61636041.0,62664750.0,63606208.0,64645458.0,66129584.0,67011417.0,67762167.0,68766833.0,69719666.0,70841625.0,76142417.0,77118709.0,73935041.0,74888250.0,76728000.0,80648416.0,79050375.0,79765417.0,80593125.0,81853750.0,83017417.0,83021041.0,84209750.0,85635500.0,88241459.0,90374917.0,91965875.0,90947333.0,92038792.0,92308042.0,92141250.0,93655833.0,95315125.0,96371833.0,96209917.0,97214292.0,98555708.0,99669291.0,105110167.0,103366625.0],"unit":"ns","throughput":[],"typical":{"estimate":39359.394375532844,"lower_bound":39199.08851582975,"upper_bound":39531.23017357001,"unit":"ns"},"mean":{"estimate":39414.03285702197,"lower_bound":39236.67118595584,"upper_bound":39617.2240198713,"unit":"ns"},"median":{"estimate":39004.7215876229,"lower_bound":38960.599469496025,"upper_bound":39069.18570318571,"unit":"ns"},"median_abs_dev":{"estimate":148.08463215857583,"lower_bound":94.04089785137108,"upper_bound":262.1149631869823,"unit":"ns"},"slope":{"estimate":39359.394375532844,"lower_bound":39199.08851582975,"upper_bound":39531.23017357001,"unit":"ns"},"change":{"mean":{"estimate":-0.019129189569469518,"lower_bound":-0.024770959203956777,"upper_bound":-0.013352940467084462,"unit":"%"},"median":{"estimate":-0.021787058955950456,"lower_bound":-0.026000118391023213,"upper_bound":-0.01903763879172704,"unit":"%"},"change":"Improved"}}
{"reason":"benchmark-complete","id":"Solutions/Day 02/Part 02","report_directory":"/Volumes/Code/Personal/AOC2023/target/criterion/reports/Solutions/Day 02_Part 02","iteration_count":[26,52,78,104,130,156,182,208,234,260,286,312,338,364,390,416,442,468,494,520,546,572,598,624,650,676,702,728,754,780,806,832,858,884,910,936,962,988,1014,1040,1066,1092,1118,1144,1170,1196,1222,1248,1274,1300,1326,1352,1378,1404,1430,1456,1482,1508,1534,1560,1586,1612,1638,1664,1690,1716,1742,1768,1794,1820,1846,1872,1898,1924,1950,1976,2002,2028,2054,2080,2106,2132,2158,2184,2210,2236,2262,2288,2314,2340,2366,2392,2418,2444,2470,2496,2522,2548,2574,2600],"measured_values":[1217417.0,2083625.0,3026583.0,4030542.0,5165000.0,6268333.0,7163209.0,8062667.0,9090458.0,10064583.0,11077167.0,12079958.0,13195792.0,14118291.0,15097875.0,16139709.0,17257042.0,18166000.0,19145291.0,20194166.0,21206541.0,22198166.0,23176333.0,24199250.0,25191958.0,26255083.0,27229875.0,28382000.0,29327042.0,30322292.0,31395500.0,32310791.0,33235708.0,34193042.0,35306625.0,36245083.0,37266208.0,38277416.0,39518666.0,40771750.0,41448875.0,42419042.0,43382791.0,44446250.0,45633625.0,46473084.0,47437834.0,48576333.0,49648875.0,50497875.0,51541625.0,52479708.0,53826667.0,54592500.0,55481667.0,56600667.0,57472042.0,58396750.0,60159375.0,61164875.0,62994167.0,67001917.0,63720916.0,66750750.0,65784542.0,66727709.0,67656208.0,68556958.0,69892209.0,70733958.0,71885125.0,72667500.0,73737208.0,75206375.0,75749750.0,76556667.0,77549458.0,78906500.0,81446125.0,80847833.0,81964209.0,83334750.0,83982416.0,84805375.0,87176458.0,88491750.0,87908500.0,88985542.0,90026625.0,90698917.0,96185458.0,94400375.0,95598583.0,95485541.0,96641833.0,97734041.0,99597500.0,99866375.0,100432625.0,100750750.0],"unit":"ns","throughput":[],"typical":{"estimate":39098.61476998102,"lower_bound":38987.81086048371,"upper_bound":39225.88370910943,"unit":"ns"},"mean":{"estimate":39096.837195894244,"lower_bound":38957.26963076541,"upper_bound":39296.271410122,"unit":"ns"},"median":{"estimate":38869.57712575415,"lower_bound":38842.54761904762,"upper_bound":38905.19662921348,"unit":"ns"},"median_abs_dev":{"estimate":151.7801631305638,"lower_bound":101.35563072094098,"upper_bound":204.6357359271475,"unit":"ns"},"slope":{"estimate":39098.61476998102,"lower_bound":38987.81086048371,"upper_bound":39225.88370910943,"unit":"ns"},"change":{"mean":{"estimate":-0.013171158220124601,"lower_bound":-0.01906461067224806,"upper_bound":-0.007113446491376083,"unit":"%"},"median":{"estimate":-0.013006275497434827,"lower_bound":-0.015358513183842626,"upper_bound":-0.010066251597418014,"unit":"%"},"change":"NoChange"}}
{"reason":"group-complete","group_name":"Solutions","benchmarks":["Solutions/Day 01/Part 01","Solutions/Day 01/Part 02","Solutions/Day 02/Part 01","Solutions/Day 02/Part 02"],"report_directory":"/Volumes/Code/Personal/AOC2023/target/criterion/reports/Solutions"}
