{"reason":"benchmark-complete","id":"Solutions/Day 15/Part 01","report_directory":"/Volumes/Code/Personal/AOC2023/target/criterion/reports/Solutions/Day 15_Part 01","iteration_count":[21,42,63,84,105,126,147,168,189,210,231,252,273,294,315,336,357,378,399,420,441,462,483,504,525,546,567,588,609,630,651,672,693,714,735,756,777,798,819,840,861,882,903,924,945,966,987,1008,1029,1050,1071,1092,1113,1134,1155,1176,1197,1218,1239,1260,1281,1302,1323,1344,1365,1386,1407,1428,1449,1470,1491,1512,1533,1554,1575,1596,1617,1638,1659,1680,1701,1722,1743,1764,1785,1806,1827,1848,1869,1890,1911,1932,1953,1974,1995,2016,2037,2058,2079,2100],"measured_values":[1038292.0,2059291.0,2997292.0,3982125.0,4974750.0,6313750.0,7137208.0,8028000.0,9038916.0,10061666.0,11012708.0,12003500.0,13004875.0,14042750.0,15001875.0,16006709.0,16993375.0,18119750.0,19249167.0,20144750.0,21352958.0,22152667.0,23259084.0,24147292.0,25090083.0,26143833.0,27263750.0,28113000.0,29087334.0,30130333.0,30999083.0,32139917.0,33091125.0,33982542.0,34971167.0,35877667.0,36942584.0,37893875.0,38952209.0,39863917.0,40880458.0,42032125.0,42907167.0,43933917.0,46813542.0,51952084.0,52286000.0,50459625.0,50900917.0,52163584.0,52439417.0,53445875.0,54130417.0,55094416.0,56002167.0,57622708.0,58048083.0,58729166.0,59667958.0,60578333.0,61565084.0,62544917.0,63884750.0,66381500.0,66829292.0,67491666.0,68372667.0,72480292.0,70903917.0,71445875.0,71911167.0,72490500.0,73368833.0,74284625.0,75136958.0,81559458.0,81821875.0,81832375.0,82884416.0,83928291.0,84230375.0,84240459.0,91741833.0,89055084.0,88621083.0,88566167.0,89811334.0,90717000.0,91600416.0,92648708.0,94158875.0,95456334.0,96400542.0,97474125.0,98316416.0,99391416.0,100324708.0,100972125.0,101632084.0,102611917.0],"unit":"ns","throughput":[],"typical":{"estimate":49117.24522029175,"lower_bound":48883.383586486605,"upper_bound":49361.885272002495,"unit":"ns"},"mean":{"estimate":48654.8738261531,"lower_bound":48433.85934678303,"upper_bound":48892.62151221826,"unit":"ns"},"median":{"estimate":48353.59939531368,"lower_bound":48011.932669789225,"upper_bound":48807.70644599303,"unit":"ns"},"median_abs_dev":{"estimate":1012.5408907975902,"lower_bound":685.761443578049,"upper_bound":1251.4699468457425,"unit":"ns"},"slope":{"estimate":49117.24522029175,"lower_bound":48883.383586486605,"upper_bound":49361.885272002495,"unit":"ns"},"change":{"mean":{"estimate":-0.0607288402856041,"lower_bound":-0.06720751670993486,"upper_bound":-0.05406108518521646,"unit":"%"},"median":{"estimate":-0.05890533628886274,"lower_bound":-0.06717664534791667,"upper_bound":-0.049057999920120166,"unit":"%"},"change":"Improved"}}
{"reason":"benchmark-complete","id":"Solutions/Day 15/Part 02","report_directory":"/Volumes/Code/Personal/AOC2023/target/criterion/reports/Solutions/Day 15_Part 02","iteration_count":[3,6,9,12,15,18,21,24,27,30,33,36,39,42,45,48,51,54,57,60,63,66,69,72,75,78,81,84,87,90,93,96,99,102,105,108,111,114,117,120,123,126,129,132,135,138,141,144,147,150,153,156,159,162,165,168,171,174,177,180,183,186,189,192,195,198,201,204,207,210,213,216,219,222,225,228,231,234,237,240,243,246,249,252,255,258,261,264,267,270,273,276,279,282,285,288,291,294,297,300],"measured_values":[1206125.0,2368083.0,3619708.0,4716334.0,5911667.0,7340541.0,8455000.0,9534625.0,10734542.0,11870750.0,13144458.0,14248666.0,15515708.0,16635208.0,17869958.0,19023125.0,20068042.0,21248334.0,22431792.0,23570292.0,24772416.0,25849209.0,27161542.0,28286041.0,29418125.0,30576292.0,31798333.0,33096292.0,34163916.0,35374167.0,36487000.0,37802916.0,38820250.0,40081875.0,41225709.0,42304584.0,43455125.0,44999500.0,45888125.0,47076834.0,48159042.0,49347125.0,50619458.0,51721208.0,52940750.0,54172459.0,55296625.0,56432291.0,57645041.0,58811375.0,60012000.0,61196417.0,62299917.0,63597708.0,64684875.0,65872333.0,67071791.0,68144167.0,69288500.0,70590958.0,71761667.0,72913667.0,74218500.0,75890833.0,76638583.0,78501583.0,80157667.0,80346250.0,81243167.0,82445375.0,83628458.0,85084417.0,86100542.0,87351125.0,88613125.0,89599792.0,90904834.0,92038375.0,93390166.0,94317958.0,95433167.0,97377542.0,100838792.0,98424709.0,99601500.0,100915333.0,102083708.0,103126083.0,106640875.0,107930333.0,108267083.0,108203917.0,109507417.0,110506500.0,111574500.0,113060250.0,114133833.0,115285875.0,116603584.0,117932250.0],"unit":"ns","throughput":[],"typical":{"estimate":393328.14291512733,"lower_bound":392649.11465370044,"upper_bound":394133.42481931386,"unit":"ns"},"mean":{"estimate":393840.3324560414,"lower_bound":393274.0939851428,"upper_bound":394475.6281771203,"unit":"ns"},"median":{"estimate":392689.5829228243,"lower_bound":392499.70250896056,"upper_bound":393067.6666666666,"unit":"ns"},"median_abs_dev":{"estimate":1186.1614371521866,"lower_bound":799.5264533055446,"upper_bound":1590.1296551028936,"unit":"ns"},"slope":{"estimate":393328.14291512733,"lower_bound":392649.11465370044,"upper_bound":394133.42481931386,"unit":"ns"},"change":{"mean":{"estimate":0.09911720755377096,"lower_bound":0.09481799190224899,"upper_bound":0.1029503819103072,"unit":"%"},"median":{"estimate":0.10298809667035425,"lower_bound":0.10182468062387051,"upper_bound":0.10467119950631432,"unit":"%"},"change":"Regressed"}}
{"reason":"group-complete","group_name":"Solutions","benchmarks":["Solutions/Day 07/Part 02 Disordered","Solutions/Day 07/Part 01 Disordered","Solutions/Day 01/Part 01","Solutions/Day 01/Part 02","Solutions/Day 02/Part 01","Solutions/Day 02/Part 02","Solutions/Day 03/Part 01","Solutions/Day 03/Part 02","Solutions/Day 04/Part 01","Solutions/Day 04/Part 02","Solutions/Day 05/Part 01","Solutions/Day 05/Part 02","Solutions/Day 06/Part 01","Solutions/Day 06/Part 02","Solutions/Day 07/Part 01","Solutions/Day 07/Part 02","Solutions/Day 08/Part 01","Solutions/Day 08/Part 02","Solutions/Day 09/Part 01","Solutions/Day 09/Part 02","Solutions/Day 10/Part 01","Solutions/Day 10/Part 02","Solutions/Day 11/Part 01","Solutions/Day 11/Part 02","Solutions/Day 12/Part 01","Solutions/Day 12/Part 02","Solutions/Day 13/Part 01","Solutions/Day 13/Part 02","Solutions/Day 14/Part 01","Solutions/Day 14/Part 02","Solutions/Day 15/Part 01","Solutions/Day 15/Part 02","Solutions/Day 16/Part 01","Solutions/Day 16/Part 02","Solutions/Day 17/Part 01","Solutions/Day 17/Part 02","Solutions/Day 18/Part 01","Solutions/Day 18/Part 02","Solutions/Day 19/Part 01","Solutions/Day 19/Part 02"],"report_directory":"/Volumes/Code/Personal/AOC2023/target/criterion/reports/Solutions"}
