{"reason":"benchmark-complete","id":"Solutions/Day 15/Part 01","report_directory":"/Volumes/Code/Personal/AOC2023/target/criterion/reports/Solutions/Day 15_Part 01","iteration_count":[20,40,60,80,100,120,140,160,180,200,220,240,260,280,300,320,340,360,380,400,420,440,460,480,500,520,540,560,580,600,620,640,660,680,700,720,740,760,780,800,820,840,860,880,900,920,940,960,980,1000,1020,1040,1060,1080,1100,1120,1140,1160,1180,1200,1220,1240,1260,1280,1300,1320,1340,1360,1380,1400,1420,1440,1460,1480,1500,1520,1540,1560,1580,1600,1620,1640,1660,1680,1700,1720,1740,1760,1780,1800,1820,1840,1860,1880,1900,1920,1940,1960,1980,2000],"measured_values":[1177875.0,2109667.0,3122167.0,4230416.0,5490500.0,6565584.0,7640375.0,8750917.0,9832750.0,10442958.0,11404708.0,12367125.0,13426209.0,14463125.0,15580333.0,16643291.0,17683208.0,18781542.0,20319542.0,20909750.0,21694500.0,22691833.0,23710083.0,24683042.0,25556250.0,26626542.0,27631250.0,28557625.0,29575875.0,30512333.0,31448750.0,32558875.0,33557833.0,34513833.0,35601458.0,36803291.0,37607583.0,38438209.0,39421417.0,40411417.0,41406958.0,43026166.0,43813542.0,45354667.0,46087125.0,46795041.0,47905708.0,48757250.0,50469375.0,51001125.0,52119250.0,54595792.0,54494834.0,55857334.0,56437375.0,58219500.0,62858500.0,62484833.0,61769500.0,62385375.0,64266958.0,64998291.0,65146375.0,72499875.0,68584042.0,71388458.0,69767416.0,70936583.0,71574208.0,71777292.0,72704042.0,73488875.0,74473917.0,75230791.0,75962958.0,78052167.0,78109000.0,79170458.0,80201416.0,81243666.0,82906000.0,83153292.0,84127334.0,85213125.0,86194750.0,87263167.0,90977417.0,92100792.0,91963625.0,92852125.0,93890792.0,96719125.0,95483792.0,96363583.0,97289792.0,98268084.0,99362500.0,100897875.0,101377167.0,101802667.0],"unit":"ns","throughput":[],"typical":{"estimate":51502.12819535984,"lower_bound":51299.14197790944,"upper_bound":51740.87123404577,"unit":"ns"},"mean":{"estimate":51800.66834049029,"lower_bound":51548.99227555577,"upper_bound":52083.02159728008,"unit":"ns"},"median":{"estimate":51380.16531156901,"lower_bound":51202.87153907496,"upper_bound":51611.88963675214,"unit":"ns"},"median_abs_dev":{"estimate":817.5262282833103,"lower_bound":571.5082898778709,"upper_bound":1025.5994654991462,"unit":"ns"},"slope":{"estimate":51502.12819535984,"lower_bound":51299.14197790944,"upper_bound":51740.87123404577,"unit":"ns"},"change":{"mean":{"estimate":0.0009793377623525945,"lower_bound":-0.005337789766509326,"upper_bound":0.007503729012762195,"unit":"%"},"median":{"estimate":0.0009556910404824315,"lower_bound":-0.00484241873592306,"upper_bound":0.0056868771046527655,"unit":"%"},"change":"NoChange"}}
{"reason":"benchmark-complete","id":"Solutions/Day 15/Part 02","report_directory":"/Volumes/Code/Personal/AOC2023/target/criterion/reports/Solutions/Day 15_Part 02","iteration_count":[3,6,9,12,15,18,21,24,27,30,33,36,39,42,45,48,51,54,57,60,63,66,69,72,75,78,81,84,87,90,93,96,99,102,105,108,111,114,117,120,123,126,129,132,135,138,141,144,147,150,153,156,159,162,165,168,171,174,177,180,183,186,189,192,195,198,201,204,207,210,213,216,219,222,225,228,231,234,237,240,243,246,249,252,255,258,261,264,267,270,273,276,279,282,285,288,291,294,297,300],"measured_values":[1156917.0,2304333.0,3207166.0,4276583.0,5352375.0,6631834.0,7536000.0,8505833.0,9618750.0,10693292.0,11727125.0,12826000.0,13897375.0,14981709.0,16608750.0,18010708.0,19114916.0,19804458.0,20794792.0,21368500.0,22292708.0,23759708.0,25359917.0,25586125.0,26645000.0,27688958.0,28745708.0,29907459.0,30923625.0,32341500.0,32934750.0,34266375.0,35161250.0,36271709.0,37343458.0,40873083.0,41138167.0,41528084.0,42103333.0,42926084.0,43645584.0,44572000.0,46009875.0,48343125.0,48314667.0,50249083.0,50068583.0,51360667.0,52300208.0,53400541.0,55106750.0,55488417.0,56442083.0,57544000.0,58552417.0,59606667.0,60801583.0,61837458.0,63123834.0,64253875.0,65080458.0,65973458.0,67104625.0,68353083.0,69086167.0,70467250.0,72159458.0,72658083.0,73535291.0,74797208.0,75846125.0,76869958.0,77813250.0,79831833.0,80084417.0,81235000.0,82133083.0,82794375.0,84097333.0,86011791.0,86674583.0,87227167.0,88268125.0,89371042.0,90454875.0,91439292.0,92493250.0,93759959.0,94504584.0,97681250.0,97345917.0,97746459.0,98857417.0,100314625.0,103719375.0,102572125.0,103198458.0,107515416.0,106498792.0,106300000.0],"unit":"ns","throughput":[],"typical":{"estimate":356689.73523767304,"lower_bound":355920.1543736914,"upper_bound":357606.89079604694,"unit":"ns"},"mean":{"estimate":358324.23489446094,"lower_bound":357193.24937002547,"upper_bound":359600.04664617084,"unit":"ns"},"median":{"estimate":356023.4095982143,"lower_bound":355630.91803278687,"upper_bound":356342.9487179487,"unit":"ns"},"median_abs_dev":{"estimate":1703.805307471331,"lower_bound":1177.3709743626803,"upper_bound":2405.575696829769,"unit":"ns"},"slope":{"estimate":356689.73523767304,"lower_bound":355920.1543736914,"upper_bound":357606.89079604694,"unit":"ns"},"change":{"mean":{"estimate":0.0324875711825221,"lower_bound":0.02735868381438437,"upper_bound":0.03751170671543164,"unit":"%"},"median":{"estimate":0.031121325330013105,"lower_bound":0.029688374301340942,"upper_bound":0.03237997624819222,"unit":"%"},"change":"Regressed"}}
{"reason":"group-complete","group_name":"Solutions","benchmarks":["Solutions/Day 07/Part 02 Disordered","Solutions/Day 07/Part 01 Disordered","Solutions/Day 01/Part 01","Solutions/Day 01/Part 02","Solutions/Day 02/Part 01","Solutions/Day 02/Part 02","Solutions/Day 03/Part 01","Solutions/Day 03/Part 02","Solutions/Day 04/Part 01","Solutions/Day 04/Part 02","Solutions/Day 05/Part 01","Solutions/Day 05/Part 02","Solutions/Day 06/Part 01","Solutions/Day 06/Part 02","Solutions/Day 07/Part 01","Solutions/Day 07/Part 02","Solutions/Day 08/Part 01","Solutions/Day 08/Part 02","Solutions/Day 09/Part 01","Solutions/Day 09/Part 02","Solutions/Day 10/Part 01","Solutions/Day 10/Part 02","Solutions/Day 11/Part 01","Solutions/Day 11/Part 02","Solutions/Day 12/Part 01","Solutions/Day 12/Part 02","Solutions/Day 13/Part 01","Solutions/Day 13/Part 02","Solutions/Day 14/Part 01","Solutions/Day 14/Part 02","Solutions/Day 15/Part 01","Solutions/Day 15/Part 02","Solutions/Day 16/Part 01","Solutions/Day 16/Part 02","Solutions/Day 17/Part 01","Solutions/Day 17/Part 02"],"report_directory":"/Volumes/Code/Personal/AOC2023/target/criterion/reports/Solutions"}
