{"reason":"benchmark-complete","id":"Solutions/Day 06/Part 01","report_directory":"/Volumes/Code/Personal/AOC2023/target/criterion/reports/Solutions/Day 06_Part 01","iteration_count":[138,276,414,552,690,828,966,1104,1242,1380,1518,1656,1794,1932,2070,2208,2346,2484,2622,2760,2898,3036,3174,3312,3450,3588,3726,3864,4002,4140,4278,4416,4554,4692,4830,4968,5106,5244,5382,5520,5658,5796,5934,6072,6210,6348,6486,6624,6762,6900,7038,7176,7314,7452,7590,7728,7866,8004,8142,8280,8418,8556,8694,8832,8970,9108,9246,9384,9522,9660,9798,9936,10074,10212,10350,10488,10626,10764,10902,11040,11178,11316,11454,11592,11730,11868,12006,12144,12282,12420,12558,12696,12834,12972,13110,13248,13386,13524,13662,13800],"measured_values":[1210083.0,2047708.0,2914250.0,4014375.0,4938542.0,5952666.0,7309083.0,7840875.0,8982458.0,9941083.0,10791625.0,11796250.0,12790416.0,13727333.0,14631708.0,15759375.0,17357375.0,18595292.0,18618875.0,20460417.0,21900375.0,23210333.0,22835041.0,23861125.0,24663709.0,25517916.0,26460625.0,27493292.0,28418750.0,30274417.0,30463083.0,31395334.0,33288667.0,33477208.0,34489291.0,35135917.0,36241875.0,38092875.0,38299625.0,39339333.0,40190666.0,41252125.0,42545458.0,43797875.0,44152334.0,45199583.0,46047833.0,47173084.0,48889125.0,49442625.0,50202291.0,51107959.0,52042708.0,53435250.0,55513916.0,65003500.0,56412542.0,58170875.0,59516167.0,58657083.0,59850875.0,60813208.0,62725375.0,62814458.0,63728375.0,65001625.0,66826666.0,66704250.0,68689208.0,72235541.0,72986208.0,70612417.0,71757459.0,72527292.0,74424625.0,74729833.0,75617834.0,77678250.0,77317667.0,78392916.0,80238916.0,80741500.0,82310459.0,83121417.0,83519334.0,84359417.0,86334084.0,91719792.0,90125875.0,89132500.0,89301750.0,90409084.0,92293250.0,92928750.0,93350458.0,95234875.0,94991583.0,96877000.0,96920167.0,98690208.0],"unit":"ns","throughput":[],"typical":{"estimate":7185.53643285938,"lower_bound":7155.52589830389,"upper_bound":7223.726234100439,"unit":"ns"},"mean":{"estimate":7215.532435920771,"lower_bound":7175.127782602609,"upper_bound":7266.67487878611,"unit":"ns"},"median":{"estimate":7137.079867973211,"lower_bound":7122.067865105909,"upper_bound":7170.584627329193,"unit":"ns"},"median_abs_dev":{"estimate":52.93311033171318,"lower_bound":32.561451334851064,"upper_bound":88.05963057948651,"unit":"ns"},"slope":{"estimate":7185.53643285938,"lower_bound":7155.52589830389,"upper_bound":7223.726234100439,"unit":"ns"},"change":{"mean":{"estimate":0.007597017248242022,"lower_bound":-0.0015610513389808759,"upper_bound":0.016784381733275656,"unit":"%"},"median":{"estimate":0.005583174582689976,"lower_bound":0.0029076696055732043,"upper_bound":0.01026283791276672,"unit":"%"},"change":"NoChange"}}
{"reason":"benchmark-complete","id":"Solutions/Day 06/Part 02","report_directory":"/Volumes/Code/Personal/AOC2023/target/criterion/reports/Solutions/Day 06_Part 02","iteration_count":[7,7,7,7,7,7,7,7,7,7,7,7,7,7,7,7,7,7,7,7,7,7,7,7,7,7,7,7,7,7,7,7,7,7,7,7,7,7,7,7,7,7,7,7,7,7,7,7,7,7,7,7,7,7,7,7,7,7,7,7,7,7,7,7,7,7,7,7,7,7,7,7,7,7,7,7,7,7,7,7,7,7,7,7,7,7,7,7,7,7,7,7,7,7,7,7,7,7,7,7],"measured_values":[57909542.0,57495542.0,57567209.0,58160292.0,57472541.0,57621125.0,57556209.0,58018500.0,57591083.0,57507459.0,57380334.0,57979042.0,58476917.0,57718667.0,57767208.0,57737667.0,58304834.0,57602167.0,57512792.0,57677417.0,58560750.0,57688666.0,57697250.0,58152167.0,57721209.0,58587000.0,57743958.0,57652583.0,57541000.0,58404333.0,57664750.0,57772000.0,58130666.0,60292292.0,59147875.0,57636500.0,57523291.0,57503792.0,60099834.0,57850750.0,57741125.0,57580083.0,57673666.0,58531583.0,57615167.0,57910625.0,57882917.0,58301334.0,57684833.0,57598208.0,57657209.0,58043125.0,57914125.0,57666375.0,57619042.0,57612000.0,58430333.0,57605042.0,57647333.0,57497958.0,58614833.0,57673250.0,57579167.0,58027292.0,58222667.0,58446250.0,57706750.0,57642709.0,58120000.0,58281042.0,59298209.0,58532375.0,57657875.0,58276834.0,57659084.0,57597959.0,57503875.0,57699334.0,58550709.0,57733500.0,58055416.0,57716375.0,58394250.0,57758333.0,57572667.0,57579291.0,58485416.0,57886125.0,57426125.0,57715083.0,57673291.0,58025333.0,57636042.0,57616333.0,57559916.0,57582458.0,58027041.0,57554791.0,57548875.0,57479959.0],"unit":"ns","throughput":[],"typical":{"estimate":8272508.757142858,"lower_bound":8259346.785678572,"upper_bound":8287266.149535718,"unit":"ns"},"mean":{"estimate":8272508.757142858,"lower_bound":8259346.785678572,"upper_bound":8287266.149535718,"unit":"ns"},"median":{"estimate":8243291.714285715,"lower_bound":8237532.785714285,"upper_bound":8251190.428571428,"unit":"ns"},"median_abs_dev":{"estimate":32026.065631423975,"lower_bound":19913.647446462677,"upper_bound":48193.28884439819,"unit":"ns"},"slope":null,"change":{"mean":{"estimate":0.00040241262140794376,"lower_bound":-0.0017810994676152989,"upper_bound":0.002635757014122968,"unit":"%"},"median":{"estimate":0.00015635935654412236,"lower_bound":-0.001304222650829634,"upper_bound":0.0015447391481644424,"unit":"%"},"change":"NoChange"}}
{"reason":"group-complete","group_name":"Solutions","benchmarks":["Solutions/Day 01/Part 01","Solutions/Day 01/Part 02","Solutions/Day 02/Part 01","Solutions/Day 02/Part 02","Solutions/Day 03/Part 01","Solutions/Day 03/Part 02","Solutions/Day 04/Part 01","Solutions/Day 04/Part 02","Solutions/Day 05/Part 01","Solutions/Day 05/Part 02","Solutions/Day 06/Part 01","Solutions/Day 06/Part 02"],"report_directory":"/Volumes/Code/Personal/AOC2023/target/criterion/reports/Solutions"}
