{"reason":"benchmark-complete","id":"Solutions/Day 01/Part 01","report_directory":"/Volumes/Code/Personal/AOC2023/target/criterion/reports/Solutions/Day 01_Part 01","iteration_count":[24,48,72,96,120,144,168,192,216,240,264,288,312,336,360,384,408,432,456,480,504,528,552,576,600,624,648,672,696,720,744,768,792,816,840,864,888,912,936,960,984,1008,1032,1056,1080,1104,1128,1152,1176,1200,1224,1248,1272,1296,1320,1344,1368,1392,1416,1440,1464,1488,1512,1536,1560,1584,1608,1632,1656,1680,1704,1728,1752,1776,1800,1824,1848,1872,1896,1920,1944,1968,1992,2016,2040,2064,2088,2112,2136,2160,2184,2208,2232,2256,2280,2304,2328,2352,2376,2400],"measured_values":[1309042.0,2182500.0,3121334.0,4302209.0,5240708.0,6388125.0,7415791.0,8374625.0,9459709.0,10430667.0,11456500.0,12641709.0,13525459.0,14570625.0,15591708.0,16639042.0,17727583.0,18728375.0,20303791.0,20250375.0,22071833.0,22363208.0,23233208.0,25086583.0,25452458.0,26711917.0,26922750.0,27376000.0,28928875.0,29416750.0,30339958.0,31611042.0,32186958.0,33187417.0,34070458.0,35050833.0,35872667.0,36734375.0,37761083.0,39643000.0,42608792.0,41600709.0,42147791.0,43029542.0,43953791.0,44968916.0,46417250.0,46795000.0,47523083.0,48594250.0,50731667.0,51758833.0,52415875.0,52772958.0,54414417.0,64405750.0,64789292.0,60845625.0,61661167.0,63882334.0,64705667.0,65103583.0,63600333.0,64121500.0,64547542.0,65523458.0,66997750.0,69799667.0,69174500.0,69548375.0,69728459.0,70328625.0,70876042.0,71845000.0,72735417.0,73701333.0,74648833.0,75529292.0,76447834.0,77126542.0,80793208.0,79867792.0,80336000.0,80668500.0,81730750.0,82598125.0,84217542.0,88311917.0,87136458.0,87680250.0,87781875.0,96488125.0,100836750.0,93938416.0,93613333.0,93933375.0,94353208.0,96127125.0,96905709.0,97778917.0],"unit":"ns","throughput":[],"typical":{"estimate":41352.84123048126,"lower_bound":41022.80898935553,"upper_bound":41743.44603367198,"unit":"ns"},"mean":{"estimate":42053.019147692125,"lower_bound":41675.76678036139,"upper_bound":42482.341904465684,"unit":"ns"},"median":{"estimate":41371.22446581197,"lower_bound":40870.37627551021,"upper_bound":41745.768229166664,"unit":"ns"},"median_abs_dev":{"estimate":1425.593313560624,"lower_bound":808.2033710498405,"upper_bound":1974.1704986471202,"unit":"ns"},"slope":{"estimate":41352.84123048126,"lower_bound":41022.80898935553,"upper_bound":41743.44603367198,"unit":"ns"},"change":{"mean":{"estimate":-0.013653784758044574,"lower_bound":-0.025485280167101734,"upper_bound":-0.0015496488318578895,"unit":"%"},"median":{"estimate":-0.01707889487444847,"lower_bound":-0.041179108154968065,"upper_bound":-0.002788734347014099,"unit":"%"},"change":"NoChange"}}
{"reason":"benchmark-complete","id":"Solutions/Day 01/Part 02","report_directory":"/Volumes/Code/Personal/AOC2023/target/criterion/reports/Solutions/Day 01_Part 02","iteration_count":[2,4,6,8,10,12,14,16,18,20,22,24,26,28,30,32,34,36,38,40,42,44,46,48,50,52,54,56,58,60,62,64,66,68,70,72,74,76,78,80,82,84,86,88,90,92,94,96,98,100,102,104,106,108,110,112,114,116,118,120,122,124,126,128,130,132,134,136,138,140,142,144,146,148,150,152,154,156,158,160,162,164,166,168,170,172,174,176,178,180,182,184,186,188,190,192,194,196,198,200],"measured_values":[1159625.0,2238125.0,3280375.0,4368417.0,5455375.0,6875000.0,7831792.0,8896959.0,9948709.0,11042917.0,12179375.0,13364375.0,14362667.0,15438542.0,16558375.0,17637417.0,18772750.0,19853792.0,21060084.0,21914417.0,22964875.0,24067459.0,25142334.0,26264834.0,27275209.0,28439125.0,29588667.0,30588000.0,31803583.0,32927500.0,33987292.0,34955042.0,36062709.0,37211667.0,38329333.0,39344167.0,40478250.0,41959375.0,42870667.0,43848500.0,44876208.0,45935625.0,47018084.0,48105167.0,49248167.0,50289959.0,51376667.0,52759625.0,53785875.0,54864833.0,55849167.0,57479917.0,60748541.0,62430334.0,63833625.0,63463334.0,65761917.0,65443209.0,66551667.0,67401167.0,68345583.0,69776291.0,71267875.0,72201458.0,72866250.0,74650458.0,76006375.0,77039083.0,77788667.0,80336791.0,80946000.0,79810917.0,79915209.0,80896125.0,81891000.0,82968583.0,84739333.0,85464750.0,86427042.0,88213458.0,88349000.0,89553917.0,95513250.0,92982500.0,93134458.0,94081125.0,98870875.0,98395000.0,97671792.0,98507500.0,99515042.0,100657334.0,102357834.0,103271375.0,104158292.0,105206959.0,106207458.0,107647333.0,108562708.0,109468292.0],"unit":"ns","throughput":[],"typical":{"estimate":553610.5113270283,"lower_bound":551507.7689231283,"upper_bound":556001.2575312585,"unit":"ns"},"mean":{"estimate":553606.4273351404,"lower_bound":551866.2649555091,"upper_bound":555496.4900891139,"unit":"ns"},"median":{"estimate":548813.5629251701,"lower_bound":547938.2777777778,"upper_bound":551414.1673611111,"unit":"ns"},"median_abs_dev":{"estimate":3768.3885864906333,"lower_bound":2199.528270897453,"upper_bound":6931.022049385722,"unit":"ns"},"slope":{"estimate":553610.5113270283,"lower_bound":551507.7689231283,"upper_bound":556001.2575312585,"unit":"ns"},"change":{"mean":{"estimate":0.009871651792185077,"lower_bound":0.006078456124337691,"upper_bound":0.013369326309455936,"unit":"%"},"median":{"estimate":0.0035454081932873027,"lower_bound":0.0014640468561035735,"upper_bound":0.008354682379024148,"unit":"%"},"change":"NoChange"}}
{"reason":"group-complete","group_name":"Solutions","benchmarks":["Solutions/Day 01/Part 01","Solutions/Day 01/Part 02","Solutions/Day 02/Part 01","Solutions/Day 02/Part 02"],"report_directory":"/Volumes/Code/Personal/AOC2023/target/criterion/reports/Solutions"}
