{"reason":"benchmark-complete","id":"Solutions/Day 01/Part 01","report_directory":"/Volumes/Code/Personal/AOC2023/target/criterion/reports/Solutions/Day 01_Part 01","iteration_count":[26,52,78,104,130,156,182,208,234,260,286,312,338,364,390,416,442,468,494,520,546,572,598,624,650,676,702,728,754,780,806,832,858,884,910,936,962,988,1014,1040,1066,1092,1118,1144,1170,1196,1222,1248,1274,1300,1326,1352,1378,1404,1430,1456,1482,1508,1534,1560,1586,1612,1638,1664,1690,1716,1742,1768,1794,1820,1846,1872,1898,1924,1950,1976,2002,2028,2054,2080,2106,2132,2158,2184,2210,2236,2262,2288,2314,2340,2366,2392,2418,2444,2470,2496,2522,2548,2574,2600],"measured_values":[957708.0,1948417.0,2779917.0,3714666.0,4599791.0,5760708.0,6468125.0,8295666.0,10130542.0,12018250.0,13211333.0,14453959.0,15566750.0,13095375.0,13772584.0,14684334.0,15572417.0,16485541.0,17416625.0,19520541.0,20141166.0,21955333.0,21498250.0,23452208.0,24042250.0,24205125.0,25559083.0,25562667.0,27240792.0,28095708.0,29033291.0,29173416.0,32933208.0,34585958.0,37955583.0,37405375.0,36213083.0,36860000.0,37600208.0,38191625.0,38928000.0,39581458.0,41054750.0,41685291.0,41998750.0,42353000.0,43317375.0,44128083.0,44780916.0,45560958.0,46726750.0,47447625.0,48015584.0,49305417.0,49872500.0,50751083.0,56942875.0,56816417.0,58074959.0,59149084.0,58242917.0,57753667.0,59103750.0,59824792.0,60321791.0,60975000.0,63140000.0,72510666.0,66488458.0,65647250.0,66781417.0,71999916.0,71189500.0,71603292.0,75964666.0,82610542.0,84165041.0,83466458.0,79860500.0,80032666.0,80898625.0,81837875.0,82612834.0,83502667.0,84441333.0,82572416.0,83385292.0,84239542.0,85059125.0,85922792.0,87632792.0,87959000.0,88733917.0,98314292.0,102932458.0,105591167.0,101395708.0,105234708.0,100148292.0,97333541.0],"unit":"ns","throughput":[],"typical":{"estimate":37943.042500710464,"lower_bound":37403.22215964639,"upper_bound":38477.84771935005,"unit":"ns"},"mean":{"estimate":37608.1603232647,"lower_bound":37123.03777908648,"upper_bound":38142.63634383493,"unit":"ns"},"median":{"estimate":36849.22369584438,"lower_bound":36517.82363977486,"upper_bound":37325.91277027027,"unit":"ns"},"median_abs_dev":{"estimate":1983.3712289551295,"lower_bound":1360.173383354332,"upper_bound":2264.19800546662,"unit":"ns"},"slope":{"estimate":37943.042500710464,"lower_bound":37403.22215964639,"upper_bound":38477.84771935005,"unit":"ns"},"change":{"mean":{"estimate":-0.11727261340805062,"lower_bound":-0.1310719455716376,"upper_bound":-0.1008516807555686,"unit":"%"},"median":{"estimate":-0.11838621441743258,"lower_bound":-0.13303007470062456,"upper_bound":-0.1021286926953104,"unit":"%"},"change":"Improved"}}
{"reason":"benchmark-complete","id":"Solutions/Day 01/Part 02","report_directory":"/Volumes/Code/Personal/AOC2023/target/criterion/reports/Solutions/Day 01_Part 02","iteration_count":[3,6,9,12,15,18,21,24,27,30,33,36,39,42,45,48,51,54,57,60,63,66,69,72,75,78,81,84,87,90,93,96,99,102,105,108,111,114,117,120,123,126,129,132,135,138,141,144,147,150,153,156,159,162,165,168,171,174,177,180,183,186,189,192,195,198,201,204,207,210,213,216,219,222,225,228,231,234,237,240,243,246,249,252,255,258,261,264,267,270,273,276,279,282,285,288,291,294,297,300],"measured_values":[1434542.0,2899084.0,4320584.0,5616167.0,6917042.0,8342250.0,9699625.0,11088084.0,12481292.0,13914750.0,15214417.0,17671625.0,19523250.0,20361208.0,21729542.0,23035000.0,24454000.0,25298083.0,26401583.0,27788000.0,29359333.0,30642667.0,32226041.0,33456583.0,34802083.0,36128750.0,37654208.0,38821417.0,40165334.0,41497500.0,42864458.0,44203750.0,46196708.0,47981875.0,48624917.0,49984042.0,51239792.0,52520334.0,53826417.0,55205208.0,56595583.0,58977000.0,59801875.0,62252833.0,62775250.0,63968917.0,65455958.0,66521625.0,67801583.0,69704583.0,71875166.0,72174625.0,73319958.0,74679208.0,76175291.0,77364625.0,79151250.0,80458792.0,81518584.0,82813542.0,84209792.0,85521000.0,87174750.0,88230792.0,89656125.0,90978583.0,92372959.0,93739500.0,95172834.0,96321792.0,101756833.0,101978875.0,102529292.0,103272458.0,103844625.0,105090916.0,106408625.0,107727667.0,109849208.0,112093083.0,112562875.0,113696958.0,115995792.0,116650125.0,117902375.0,122852667.0,123729000.0,123353875.0,123480167.0,124968000.0,126803709.0,127161833.0,128517792.0,129594292.0,131942708.0,132877292.0,134121250.0,135575958.0,137109292.0,138073584.0],"unit":"ns","throughput":[],"typical":{"estimate":463274.61310181767,"lower_bound":462273.42024419305,"upper_bound":464446.68211459334,"unit":"ns"},"mean":{"estimate":465185.77654807636,"lower_bound":463845.84354214126,"upper_bound":466688.97520419204,"unit":"ns"},"median":{"estimate":462736.52813390316,"lower_bound":461825.4739057239,"upper_bound":463323.71794871794,"unit":"ns"},"median_abs_dev":{"estimate":3057.843015410506,"lower_bound":2131.787615029587,"upper_bound":4029.3411008226335,"unit":"ns"},"slope":{"estimate":463274.61310181767,"lower_bound":462273.42024419305,"upper_bound":464446.68211459334,"unit":"ns"},"change":{"mean":{"estimate":-0.060321571719163414,"lower_bound":-0.06414785942346887,"upper_bound":-0.05669956986301376,"unit":"%"},"median":{"estimate":-0.060849241405426024,"lower_bound":-0.0632750857943688,"upper_bound":-0.05928414121614012,"unit":"%"},"change":"Improved"}}
{"reason":"group-complete","group_name":"Solutions","benchmarks":["Solutions/Day 07/Part 02 Disordered","Solutions/Day 07/Part 01 Disordered","Solutions/Day 01/Part 01","Solutions/Day 01/Part 02","Solutions/Day 02/Part 01","Solutions/Day 02/Part 02","Solutions/Day 03/Part 01","Solutions/Day 03/Part 02","Solutions/Day 04/Part 01","Solutions/Day 04/Part 02","Solutions/Day 05/Part 01","Solutions/Day 05/Part 02","Solutions/Day 06/Part 01","Solutions/Day 06/Part 02","Solutions/Day 07/Part 01","Solutions/Day 07/Part 02","Solutions/Day 08/Part 01","Solutions/Day 08/Part 02","Solutions/Day 09/Part 01","Solutions/Day 09/Part 02"],"report_directory":"/Volumes/Code/Personal/AOC2023/target/criterion/reports/Solutions"}
