{"reason":"benchmark-complete","id":"Solutions/Day 01/Part 01","report_directory":"/Volumes/Code/Personal/AOC2023/target/criterion/reports/Solutions/Day 01_Part 01","iteration_count":[25,50,75,100,125,150,175,200,225,250,275,300,325,350,375,400,425,450,475,500,525,550,575,600,625,650,675,700,725,750,775,800,825,850,875,900,925,950,975,1000,1025,1050,1075,1100,1125,1150,1175,1200,1225,1250,1275,1300,1325,1350,1375,1400,1425,1450,1475,1500,1525,1550,1575,1600,1625,1650,1675,1700,1725,1750,1775,1800,1825,1850,1875,1900,1925,1950,1975,2000,2025,2050,2075,2100,2125,2150,2175,2200,2225,2250,2275,2300,2325,2350,2375,2400,2425,2450,2475,2500],"measured_values":[995625.0,1970792.0,2875959.0,4085375.0,5158834.0,6101500.0,7132875.0,8110750.0,9135875.0,10182875.0,11133541.0,12218542.0,13172125.0,14181417.0,15222334.0,16188542.0,17207000.0,18202584.0,19514958.0,21924750.0,21668292.0,22518083.0,24854917.0,24514042.0,25007667.0,26107083.0,27098125.0,27284959.0,28265042.0,30328000.0,30049625.0,30916333.0,31857417.0,32848625.0,35462625.0,35942625.0,36626208.0,37047417.0,37810875.0,39614041.0,42887792.0,42973042.0,46721208.0,51180125.0,51590250.0,48418625.0,48480375.0,48007667.0,48758917.0,48917333.0,49588792.0,52315584.0,51245250.0,52057167.0,53966750.0,57813416.0,61499792.0,61479625.0,60994583.0,60726250.0,60422542.0,60828542.0,64467417.0,62625000.0,62637125.0,63336959.0,64181958.0,64890083.0,65661209.0,66470458.0,67271250.0,70916250.0,71330208.0,71205250.0,71841709.0,72460500.0,74191458.0,74322459.0,75000542.0,75922833.0,76868167.0,77914875.0,78201834.0,79209375.0,81979500.0,89446417.0,90222125.0,91176125.0,98696875.0,95048125.0,94429709.0,95414792.0,96144292.0,105408292.0,108316334.0,108398167.0,107683875.0,109341625.0,105444291.0,101064250.0],"unit":"ns","throughput":[],"typical":{"estimate":40645.66608470519,"lower_bound":39944.60298104459,"upper_bound":41335.9662717048,"unit":"ns"},"mean":{"estimate":40400.595161842306,"lower_bound":40018.46949529912,"upper_bound":40800.0380566409,"unit":"ns"},"median":{"estimate":40431.51666666666,"lower_bound":39621.339016393445,"upper_bound":40561.253025641025,"unit":"ns"},"median_abs_dev":{"estimate":1918.8861011129568,"lower_bound":1397.7479906892086,"upper_bound":2409.4647895763883,"unit":"ns"},"slope":{"estimate":40645.66608470519,"lower_bound":39944.60298104459,"upper_bound":41335.9662717048,"unit":"ns"},"change":{"mean":{"estimate":-0.0017015034801843854,"lower_bound":-0.017108296705735784,"upper_bound":0.014209168411299253,"unit":"%"},"median":{"estimate":0.027207763987777023,"lower_bound":-0.011760293045458337,"upper_bound":0.03887446102717673,"unit":"%"},"change":"NoChange"}}
{"reason":"benchmark-complete","id":"Solutions/Day 01/Part 02","report_directory":"/Volumes/Code/Personal/AOC2023/target/criterion/reports/Solutions/Day 01_Part 02","iteration_count":[2,4,6,8,10,12,14,16,18,20,22,24,26,28,30,32,34,36,38,40,42,44,46,48,50,52,54,56,58,60,62,64,66,68,70,72,74,76,78,80,82,84,86,88,90,92,94,96,98,100,102,104,106,108,110,112,114,116,118,120,122,124,126,128,130,132,134,136,138,140,142,144,146,148,150,152,154,156,158,160,162,164,166,168,170,172,174,176,178,180,182,184,186,188,190,192,194,196,198,200],"measured_values":[1167500.0,2276708.0,3312375.0,4414750.0,5586000.0,6774584.0,7757125.0,8814583.0,10183625.0,11339709.0,12186875.0,13348792.0,14352709.0,15515459.0,16537084.0,17654333.0,18721291.0,19978542.0,21074666.0,22079042.0,23155417.0,24275166.0,25383458.0,26482542.0,27533834.0,28653167.0,29755625.0,30856708.0,31933625.0,33060583.0,34115250.0,35252583.0,36312500.0,37414291.0,38530750.0,39640666.0,40759333.0,42520833.0,45529250.0,45652458.0,45759291.0,47177166.0,47482833.0,48472416.0,49526250.0,50757250.0,51657375.0,52798041.0,53827000.0,54902333.0,56254583.0,57811542.0,58622792.0,59608917.0,60721833.0,61619125.0,62693625.0,64439000.0,65081000.0,66058458.0,67171291.0,68218833.0,69320250.0,70328541.0,71477458.0,72633875.0,74181625.0,74744500.0,75713625.0,77097041.0,77945042.0,79134667.0,80713666.0,82055542.0,82424000.0,83408958.0,84498958.0,86084750.0,88536292.0,88321042.0,89188750.0,90188625.0,91295667.0,97142375.0,95410917.0,95812292.0,96040333.0,97410542.0,98159125.0,99186208.0,100141666.0,101215000.0,102167708.0,103402041.0,104983792.0,105653542.0,106667416.0,107684625.0,108925708.0,110627959.0],"unit":"ns","throughput":[],"typical":{"estimate":552320.1909694104,"lower_bound":551185.2627607506,"upper_bound":553825.1488954343,"unit":"ns"},"mean":{"estimate":553522.0695685223,"lower_bound":552316.5516193619,"upper_bound":554914.0833070311,"unit":"ns"},"median":{"estimate":551135.3111111111,"lower_bound":550693.15,"upper_bound":551814.304347826,"unit":"ns"},"median_abs_dev":{"estimate":1614.7323227464885,"lower_bound":1306.6767039230062,"upper_bound":2613.019460152171,"unit":"ns"},"slope":{"estimate":552320.1909694104,"lower_bound":551185.2627607506,"upper_bound":553825.1488954343,"unit":"ns"},"change":{"mean":{"estimate":-0.004344828806853163,"lower_bound":-0.008938081508089613,"upper_bound":-0.00012890885266225897,"unit":"%"},"median":{"estimate":-0.0013300162690700335,"lower_bound":-0.0039009822249718162,"upper_bound":0.0001313626440133664,"unit":"%"},"change":"NoChange"}}
{"reason":"group-complete","group_name":"Solutions","benchmarks":["Solutions/Day 01/Part 01","Solutions/Day 01/Part 02","Solutions/Day 02/Part 01","Solutions/Day 02/Part 02","Solutions/Day 03/Part 01","Solutions/Day 03/Part 02"],"report_directory":"/Volumes/Code/Personal/AOC2023/target/criterion/reports/Solutions"}
