{"reason":"benchmark-complete","id":"Solutions/Day 07/Part 01","report_directory":"/Volumes/Code/Personal/AOC2023/target/criterion/reports/Solutions/Day 07_Part 01","iteration_count":[4,8,12,16,20,24,28,32,36,40,44,48,52,56,60,64,68,72,76,80,84,88,92,96,100,104,108,112,116,120,124,128,132,136,140,144,148,152,156,160,164,168,172,176,180,184,188,192,196,200,204,208,212,216,220,224,228,232,236,240,244,248,252,256,260,264,268,272,276,280,284,288,292,296,300,304,308,312,316,320,324,328,332,336,340,344,348,352,356,360,364,368,372,376,380,384,388,392,396,400],"measured_values":[1233542.0,2414458.0,3584166.0,4774625.0,5988583.0,7557584.0,8438958.0,9814167.0,10788417.0,11906042.0,13129209.0,14350959.0,15517917.0,16672291.0,17877542.0,19025875.0,20914000.0,22213833.0,23514292.0,24184125.0,25393417.0,26701458.0,27836750.0,28890042.0,30078125.0,31324666.0,32466916.0,33707500.0,34973042.0,36027375.0,37260542.0,38411959.0,39640375.0,40723084.0,41940750.0,43196042.0,44254084.0,45387833.0,46617208.0,49577625.0,50720959.0,51384625.0,51584125.0,52729083.0,53865500.0,56880000.0,58047083.0,58791084.0,58910792.0,59877916.0,61082417.0,62376917.0,63511333.0,64672625.0,65858958.0,66960750.0,69197750.0,69532292.0,75134334.0,73207458.0,73279708.0,74412000.0,75510417.0,76567875.0,77916708.0,79101083.0,80604375.0,86350292.0,84086291.0,85614417.0,85255792.0,86481750.0,87456708.0,88432917.0,89650417.0,90885750.0,91997583.0,93166209.0,94425958.0,95738250.0,97339250.0,99293667.0,99313166.0,100381166.0,101461500.0,102730500.0,103820459.0,105043417.0,106822542.0,108042084.0,110221917.0,110564416.0,111592708.0,112479959.0,113631542.0,114807042.0,116037958.0,117097791.0,119725083.0,121624584.0],"unit":"ns","throughput":[],"typical":{"estimate":300797.9944717009,"lower_bound":300085.95622815355,"upper_bound":301660.31133060047,"unit":"ns"},"mean":{"estimate":301439.2653888753,"lower_bound":300677.06332150433,"upper_bound":302261.47679087863,"unit":"ns"},"median":{"estimate":299940.1086886305,"lower_bound":299545.5167032825,"upper_bound":300305.8712121212,"unit":"ns"},"median_abs_dev":{"estimate":1643.6382286600951,"lower_bound":1128.8487962776444,"upper_bound":2255.0090284698126,"unit":"ns"},"slope":{"estimate":300797.9944717009,"lower_bound":300085.95622815355,"upper_bound":301660.31133060047,"unit":"ns"},"change":{"mean":{"estimate":-0.003861965189812522,"lower_bound":-0.009263040840666982,"upper_bound":0.0004960452037548994,"unit":"%"},"median":{"estimate":-0.0063466879998448356,"lower_bound":-0.008538126066610863,"upper_bound":-0.0038509262408095157,"unit":"%"},"change":"NoChange"}}
{"reason":"benchmark-complete","id":"Solutions/Day 07/Part 02","report_directory":"/Volumes/Code/Personal/AOC2023/target/criterion/reports/Solutions/Day 07_Part 02","iteration_count":[4,8,12,16,20,24,28,32,36,40,44,48,52,56,60,64,68,72,76,80,84,88,92,96,100,104,108,112,116,120,124,128,132,136,140,144,148,152,156,160,164,168,172,176,180,184,188,192,196,200,204,208,212,216,220,224,228,232,236,240,244,248,252,256,260,264,268,272,276,280,284,288,292,296,300,304,308,312,316,320,324,328,332,336,340,344,348,352,356,360,364,368,372,376,380,384,388,392,396,400],"measured_values":[1231875.0,2494292.0,3619875.0,4901708.0,6106458.0,7585750.0,8598792.0,9781875.0,11025083.0,12191625.0,13339625.0,14736292.0,15858917.0,17102666.0,18215083.0,19463250.0,20722125.0,22118709.0,23031209.0,24341709.0,25525875.0,26808625.0,27962375.0,29540208.0,30600542.0,32011542.0,32863917.0,34107875.0,35256333.0,36516250.0,37774625.0,38953333.0,40174167.0,41401834.0,42537333.0,43748500.0,45018917.0,46231417.0,47314667.0,48606500.0,49811917.0,50897709.0,52261917.0,53296542.0,55713959.0,58981167.0,58772667.0,59031750.0,59889500.0,60797583.0,62142375.0,63398000.0,64736084.0,65564542.0,66924292.0,68114417.0,69353208.0,70822000.0,71793667.0,73276708.0,74393708.0,76064583.0,76724583.0,77802542.0,79051042.0,80243250.0,81424666.0,82322666.0,85236667.0,85962250.0,86949417.0,87789417.0,89180208.0,90395625.0,91240625.0,92345459.0,93634083.0,94841375.0,96156250.0,97368209.0,98255042.0,100534292.0,101136042.0,102128583.0,104006416.0,104075542.0,105764000.0,111074250.0,109307750.0,109577542.0,110733959.0,112230292.0,113511250.0,114762334.0,115695625.0,117090791.0,118123291.0,119688000.0,120926417.0,121706333.0],"unit":"ns","throughput":[],"typical":{"estimate":305153.25054381555,"lower_bound":304649.72653340356,"upper_bound":305816.6426517911,"unit":"ns"},"mean":{"estimate":305335.5495465502,"lower_bound":304836.94212261366,"upper_bound":305915.150256035,"unit":"ns"},"median":{"estimate":304462.40100250626,"lower_bound":304275.653125,"upper_bound":304845.16141235817,"unit":"ns"},"median_abs_dev":{"estimate":982.3331047092345,"lower_bound":688.6380872534351,"upper_bound":1354.3213958874935,"unit":"ns"},"slope":{"estimate":305153.25054381555,"lower_bound":304649.72653340356,"upper_bound":305816.6426517911,"unit":"ns"},"change":{"mean":{"estimate":-0.0025869123471439215,"lower_bound":-0.006695033104516569,"upper_bound":0.0015432915569307175,"unit":"%"},"median":{"estimate":-0.00041901948435563163,"lower_bound":-0.00970861486354375,"upper_bound":0.004433079350714797,"unit":"%"},"change":"NoChange"}}
{"reason":"group-complete","group_name":"Solutions","benchmarks":["Solutions/Day 07/Part 02 Disordered","Solutions/Day 07/Part 01 Disordered","Solutions/Day 01/Part 01","Solutions/Day 01/Part 02","Solutions/Day 02/Part 01","Solutions/Day 02/Part 02","Solutions/Day 03/Part 01","Solutions/Day 03/Part 02","Solutions/Day 04/Part 01","Solutions/Day 04/Part 02","Solutions/Day 05/Part 01","Solutions/Day 05/Part 02","Solutions/Day 06/Part 01","Solutions/Day 06/Part 02","Solutions/Day 07/Part 01","Solutions/Day 07/Part 02"],"report_directory":"/Volumes/Code/Personal/AOC2023/target/criterion/reports/Solutions"}
