{"reason":"benchmark-complete","id":"Solutions/Day 07/Part 01","report_directory":"/Volumes/Code/Personal/AOC2023/target/criterion/reports/Solutions/Day 07_Part 01","iteration_count":[3,6,9,12,15,18,21,24,27,30,33,36,39,42,45,48,51,54,57,60,63,66,69,72,75,78,81,84,87,90,93,96,99,102,105,108,111,114,117,120,123,126,129,132,135,138,141,144,147,150,153,156,159,162,165,168,171,174,177,180,183,186,189,192,195,198,201,204,207,210,213,216,219,222,225,228,231,234,237,240,243,246,249,252,255,258,261,264,267,270,273,276,279,282,285,288,291,294,297,300],"measured_values":[1196542.0,2241000.0,3351000.0,4482625.0,5563250.0,6905542.0,7798000.0,8993334.0,10050125.0,11200958.0,12273125.0,13478750.0,14539333.0,15651083.0,16707916.0,17859958.0,18911041.0,20097625.0,21512791.0,22598917.0,24442000.0,28079083.0,27217125.0,27580958.0,28579500.0,31738000.0,34203500.0,33132042.0,33226625.0,33869125.0,34541541.0,35769708.0,37136334.0,38058292.0,39264958.0,40279708.0,41291500.0,42414750.0,43348208.0,44372666.0,45757875.0,47675916.0,53154500.0,51943750.0,50851792.0,52299375.0,54798458.0,54630833.0,54880167.0,55905209.0,57528333.0,58299417.0,59081334.0,60327417.0,61424250.0,62497083.0,63433292.0,64575792.0,65562042.0,66579042.0,67738125.0,68915792.0,70057375.0,70946916.0,72003833.0,74246125.0,75018292.0,75526209.0,76697542.0,77742875.0,78864500.0,80242458.0,81031292.0,81981458.0,83171542.0,84225250.0,85369834.0,86154000.0,87788917.0,88734875.0,89752500.0,90883416.0,92077916.0,95868333.0,96335834.0,96997042.0,98079167.0,102962917.0,102213750.0,100963292.0,102032792.0,103890416.0,105719416.0,105770208.0,106783042.0,107067375.0,113449833.0,114511833.0,112372958.0,114505959.0],"unit":"ns","throughput":[],"typical":{"estimate":375530.5420590119,"lower_bound":373825.26637040393,"upper_bound":377347.1446894524,"unit":"ns"},"mean":{"estimate":376824.86219522846,"lower_bound":374915.69544412865,"upper_bound":379000.41458523506,"unit":"ns"},"median":{"estimate":373040.3845315904,"lower_bound":372163.6961722488,"upper_bound":374173.9203703704,"unit":"ns"},"median_abs_dev":{"estimate":4150.083329273924,"lower_bound":2859.5886639516743,"upper_bound":5489.477605147289,"unit":"ns"},"slope":{"estimate":375530.5420590119,"lower_bound":373825.26637040393,"upper_bound":377347.1446894524,"unit":"ns"},"change":{"mean":{"estimate":0.009073549448741947,"lower_bound":0.0027709400536839695,"upper_bound":0.016217182472395068,"unit":"%"},"median":{"estimate":0.004864021610262892,"lower_bound":0.0018289936186113606,"upper_bound":0.008306373801783229,"unit":"%"},"change":"NoChange"}}
{"reason":"benchmark-complete","id":"Solutions/Day 07/Part 02","report_directory":"/Volumes/Code/Personal/AOC2023/target/criterion/reports/Solutions/Day 07_Part 02","iteration_count":[3,6,9,12,15,18,21,24,27,30,33,36,39,42,45,48,51,54,57,60,63,66,69,72,75,78,81,84,87,90,93,96,99,102,105,108,111,114,117,120,123,126,129,132,135,138,141,144,147,150,153,156,159,162,165,168,171,174,177,180,183,186,189,192,195,198,201,204,207,210,213,216,219,222,225,228,231,234,237,240,243,246,249,252,255,258,261,264,267,270,273,276,279,282,285,288,291,294,297,300],"measured_values":[1427792.0,2454625.0,3657209.0,4706708.0,6525208.0,7151917.0,8438625.0,9604417.0,10533167.0,12302542.0,12908042.0,14886375.0,15973333.0,17469125.0,18973541.0,19727000.0,20943459.0,21227583.0,24039625.0,24014000.0,24776042.0,25381875.0,26463542.0,27344750.0,28640042.0,29761708.0,30862541.0,31964208.0,33101792.0,34268791.0,35408708.0,36876708.0,38183958.0,39144250.0,39897792.0,40916042.0,42155875.0,43372708.0,44371500.0,46232875.0,48800958.0,50691042.0,50112875.0,51710041.0,52104458.0,53593291.0,54115750.0,54916458.0,56241792.0,57100958.0,58019958.0,59399875.0,60494208.0,61727584.0,62765292.0,63851042.0,64808042.0,66089083.0,67144625.0,68553792.0,70176250.0,71516292.0,75194750.0,74983833.0,74607000.0,75406292.0,77461916.0,77902542.0,79236625.0,81200167.0,80855709.0,81528916.0,82969708.0,84366041.0,85602625.0,86001000.0,87051875.0,88129375.0,89801083.0,90520750.0,91557875.0,92804791.0,94220917.0,94918584.0,97233125.0,99893417.0,99475250.0,99778500.0,101339041.0,103502458.0,103513625.0,104498417.0,105908041.0,106951000.0,107774000.0,109492792.0,109854917.0,112019500.0,112557875.0,113349083.0],"unit":"ns","throughput":[],"typical":{"estimate":380971.67974582536,"lower_bound":380142.4925355326,"upper_bound":381976.04824340285,"unit":"ns"},"mean":{"estimate":387645.4695282944,"lower_bound":384968.75296886876,"upper_bound":390743.26891289616,"unit":"ns"},"median":{"estimate":381218.7993013297,"lower_bound":380632.54070660524,"upper_bound":383476.77595628414,"unit":"ns"},"median_abs_dev":{"estimate":4019.987304146999,"lower_bound":2810.439014864476,"upper_bound":6744.581465227351,"unit":"ns"},"slope":{"estimate":380971.67974582536,"lower_bound":380142.4925355326,"upper_bound":381976.04824340285,"unit":"ns"},"change":{"mean":{"estimate":0.022060067329028987,"lower_bound":0.014243055570265884,"upper_bound":0.029923718261182407,"unit":"%"},"median":{"estimate":0.010637891790484355,"lower_bound":0.008397378383754983,"upper_bound":0.015793542675069716,"unit":"%"},"change":"Regressed"}}
{"reason":"group-complete","group_name":"Solutions","benchmarks":["Solutions/Day 01/Part 01","Solutions/Day 01/Part 02","Solutions/Day 02/Part 01","Solutions/Day 02/Part 02","Solutions/Day 03/Part 01","Solutions/Day 03/Part 02","Solutions/Day 04/Part 01","Solutions/Day 04/Part 02","Solutions/Day 05/Part 01","Solutions/Day 05/Part 02","Solutions/Day 06/Part 01","Solutions/Day 06/Part 02","Solutions/Day 07/Part 01","Solutions/Day 07/Part 02"],"report_directory":"/Volumes/Code/Personal/AOC2023/target/criterion/reports/Solutions"}
