{"reason":"benchmark-complete","id":"Solutions/Day 01/Part 01","report_directory":"/Volumes/Code/Personal/AOC2023/target/criterion/reports/Solutions/Day 01_Part 01","iteration_count":[24,48,72,96,120,144,168,192,216,240,264,288,312,336,360,384,408,432,456,480,504,528,552,576,600,624,648,672,696,720,744,768,792,816,840,864,888,912,936,960,984,1008,1032,1056,1080,1104,1128,1152,1176,1200,1224,1248,1272,1296,1320,1344,1368,1392,1416,1440,1464,1488,1512,1536,1560,1584,1608,1632,1656,1680,1704,1728,1752,1776,1800,1824,1848,1872,1896,1920,1944,1968,1992,2016,2040,2064,2088,2112,2136,2160,2184,2208,2232,2256,2280,2304,2328,2352,2376,2400],"measured_values":[1075750.0,1996167.0,2920042.0,3841834.0,4820000.0,5947625.0,6790042.0,7692125.0,8704000.0,9614125.0,10628709.0,11537542.0,12554584.0,13454459.0,14447083.0,15370250.0,16447459.0,17306375.0,18544167.0,21366208.0,21397625.0,22165958.0,24174292.0,24021250.0,25019041.0,25888000.0,26555667.0,27251292.0,28121750.0,29255916.0,30179541.0,31101625.0,31919458.0,33014833.0,33914667.0,34813375.0,35758708.0,36653084.0,38463500.0,44782916.0,43680292.0,42005666.0,42639542.0,43857500.0,44662167.0,45631750.0,46187583.0,47039541.0,48185583.0,49055250.0,51432458.0,51260958.0,52621208.0,52222791.0,53477208.0,53996083.0,55152458.0,55970250.0,57261708.0,57812667.0,58855042.0,60136834.0,60568500.0,62159500.0,62483708.0,63487084.0,64637958.0,72361208.0,77455292.0,74498417.0,77085791.0,76264917.0,74392584.0,74327042.0,75097166.0,75514083.0,76198625.0,82829583.0,84710250.0,81957042.0,83547584.0,81814541.0,82042167.0,82223459.0,83313625.0,83889125.0,91921375.0,89772333.0,88607833.0,88457334.0,90274792.0,89651209.0,90731542.0,91227167.0,93001458.0,93171166.0,94016875.0,105055792.0,101085334.0,99613750.0],"unit":"ns","throughput":[],"typical":{"estimate":41693.593691566915,"lower_bound":41308.778386605205,"upper_bound":42109.05828951288,"unit":"ns"},"mean":{"estimate":41406.838221102145,"lower_bound":41115.25919261446,"upper_bound":41720.037511290524,"unit":"ns"},"median":{"estimate":40836.47357536765,"lower_bound":40556.13888888889,"upper_bound":41244.389098058906,"unit":"ns"},"median_abs_dev":{"estimate":936.189828230406,"lower_bound":611.1856488946402,"upper_bound":1271.4265669494482,"unit":"ns"},"slope":{"estimate":41693.593691566915,"lower_bound":41308.778386605205,"upper_bound":42109.05828951288,"unit":"ns"},"change":{"mean":{"estimate":0.024906639499465033,"lower_bound":0.012455393998747767,"upper_bound":0.03740740459388266,"unit":"%"},"median":{"estimate":0.010015872321575525,"lower_bound":0.001775252803849492,"upper_bound":0.030852940856782585,"unit":"%"},"change":"Regressed"}}
{"reason":"benchmark-complete","id":"Solutions/Day 01/Part 02","report_directory":"/Volumes/Code/Personal/AOC2023/target/criterion/reports/Solutions/Day 01_Part 02","iteration_count":[2,4,6,8,10,12,14,16,18,20,22,24,26,28,30,32,34,36,38,40,42,44,46,48,50,52,54,56,58,60,62,64,66,68,70,72,74,76,78,80,82,84,86,88,90,92,94,96,98,100,102,104,106,108,110,112,114,116,118,120,122,124,126,128,130,132,134,136,138,140,142,144,146,148,150,152,154,156,158,160,162,164,166,168,170,172,174,176,178,180,182,184,186,188,190,192,194,196,198,200],"measured_values":[1156250.0,2284667.0,3269750.0,4356833.0,5442333.0,6820500.0,8255750.0,8770958.0,9863541.0,10906750.0,11973875.0,13111208.0,14164417.0,15244834.0,16447792.0,17704666.0,18610583.0,19772458.0,20768166.0,21854042.0,22950875.0,24020750.0,25119917.0,26210500.0,27300833.0,28355875.0,29454417.0,30554416.0,31631125.0,32806791.0,33817583.0,34888041.0,35980417.0,37080333.0,38189500.0,39273208.0,40788250.0,41600625.0,42616708.0,43637542.0,44697792.0,45801875.0,47105458.0,48143750.0,50334166.0,53138250.0,51443958.0,53361959.0,53598500.0,54559125.0,55716084.0,56728917.0,57741667.0,58878500.0,59967750.0,60954000.0,62053084.0,63110292.0,64139708.0,65242167.0,66282958.0,67787041.0,68646000.0,70161833.0,74679875.0,72510708.0,74464916.0,74269334.0,75251500.0,76325209.0,77311500.0,78407000.0,79513542.0,80488834.0,83071292.0,88102750.0,85234500.0,85540500.0,86395084.0,87293917.0,88203375.0,89553042.0,91444333.0,91752334.0,92634333.0,93734416.0,94929958.0,96505583.0,97231417.0,98131083.0,99299875.0,100193000.0,101686250.0,102498833.0,103511166.0,104392333.0,105845917.0,106642333.0,107679041.0,108892875.0],"unit":"ns","throughput":[],"typical":{"estimate":547282.0223422492,"lower_bound":545987.9626297861,"upper_bound":548996.2752225093,"unit":"ns"},"mean":{"estimate":548545.7943386169,"lower_bound":547029.1734594015,"upper_bound":550296.9257076979,"unit":"ns"},"median":{"estimate":545594.3801546392,"lower_bound":545364.224137931,"upper_bound":546167.080882353,"unit":"ns"},"median_abs_dev":{"estimate":1588.2437992574273,"lower_bound":1124.3035262841659,"upper_bound":2188.773082697823,"unit":"ns"},"slope":{"estimate":547282.0223422492,"lower_bound":545987.9626297861,"upper_bound":548996.2752225093,"unit":"ns"},"change":{"mean":{"estimate":-0.008990202023533511,"lower_bound":-0.0127822042543377,"upper_bound":-0.005126552799085169,"unit":"%"},"median":{"estimate":-0.01005366712087652,"lower_bound":-0.011323186099828297,"upper_bound":-0.008691085510906582,"unit":"%"},"change":"NoChange"}}
{"reason":"group-complete","group_name":"Solutions","benchmarks":["Solutions/Day 01/Part 01","Solutions/Day 01/Part 02","Solutions/Day 02/Part 01","Solutions/Day 02/Part 02","Solutions/Day 03/Part 01","Solutions/Day 03/Part 02"],"report_directory":"/Volumes/Code/Personal/AOC2023/target/criterion/reports/Solutions"}
