{"reason":"benchmark-complete","id":"Solutions/Day 01/Part 01","report_directory":"/Volumes/Code/Personal/AOC2023/target/criterion/reports/Solutions/Day 01_Part 01","iteration_count":[27,54,81,108,135,162,189,216,243,270,297,324,351,378,405,432,459,486,513,540,567,594,621,648,675,702,729,756,783,810,837,864,891,918,945,972,999,1026,1053,1080,1107,1134,1161,1188,1215,1242,1269,1296,1323,1350,1377,1404,1431,1458,1485,1512,1539,1566,1593,1620,1647,1674,1701,1728,1755,1782,1809,1836,1863,1890,1917,1944,1971,1998,2025,2052,2079,2106,2133,2160,2187,2214,2241,2268,2295,2322,2349,2376,2403,2430,2457,2484,2511,2538,2565,2592,2619,2646,2673,2700],"measured_values":[1342042.0,1945083.0,2842666.0,3773500.0,5557000.0,6914917.0,7621916.0,8604000.0,8964250.0,9888833.0,10878542.0,11823750.0,12907458.0,13795792.0,14790584.0,15802792.0,16751791.0,17713875.0,19541750.0,21122167.0,22006000.0,21634709.0,22363792.0,23274917.0,23974167.0,24479375.0,25253875.0,27287750.0,26633958.0,27507125.0,28236250.0,29461292.0,30078542.0,31015875.0,31721208.0,32548250.0,33498416.0,34429000.0,35211458.0,36025333.0,38624625.0,40395125.0,40884708.0,40739333.0,41288208.0,41914375.0,42820542.0,43746584.0,44446292.0,45011833.0,46019583.0,46862459.0,47592417.0,49200084.0,52827916.0,52872041.0,53084667.0,53776625.0,58244334.0,64567167.0,62239166.0,65834708.0,61532208.0,60861500.0,61044958.0,61504834.0,62187333.0,62724208.0,63497875.0,71631416.0,69920833.0,66413125.0,65781708.0,66466917.0,67066167.0,67903625.0,74003125.0,75555750.0,75249083.0,82197625.0,91035209.0,93812500.0,96526000.0,87626208.0,82217375.0,88165750.0,80437500.0,80296083.0,84547292.0,84894083.0,83125541.0,83199000.0,83961167.0,84514042.0,85084583.0,86312541.0,86427666.0,87815500.0,87797792.0,89045000.0],"unit":"ns","throughput":[],"typical":{"estimate":35091.386218084495,"lower_bound":34460.70704492172,"upper_bound":35808.73867632034,"unit":"ns"},"mean":{"estimate":35641.24387982398,"lower_bound":35130.302485909306,"upper_bound":36198.32517736101,"unit":"ns"},"median":{"estimate":34913.548394058016,"lower_bound":34227.939913844326,"upper_bound":35574.35420875421,"unit":"ns"},"median_abs_dev":{"estimate":2110.6897577471264,"lower_bound":1339.991744785728,"upper_bound":2503.2842311185645,"unit":"ns"},"slope":{"estimate":35091.386218084495,"lower_bound":34460.70704492172,"upper_bound":35808.73867632034,"unit":"ns"},"change":{"mean":{"estimate":-0.1524688452296301,"lower_bound":-0.1662521828409908,"upper_bound":-0.13561441141782626,"unit":"%"},"median":{"estimate":-0.15609100661476427,"lower_bound":-0.17314837699862606,"upper_bound":-0.13774232466221928,"unit":"%"},"change":"Improved"}}
{"reason":"benchmark-complete","id":"Solutions/Day 01/Part 02","report_directory":"/Volumes/Code/Personal/AOC2023/target/criterion/reports/Solutions/Day 01_Part 02","iteration_count":[2,4,6,8,10,12,14,16,18,20,22,24,26,28,30,32,34,36,38,40,42,44,46,48,50,52,54,56,58,60,62,64,66,68,70,72,74,76,78,80,82,84,86,88,90,92,94,96,98,100,102,104,106,108,110,112,114,116,118,120,122,124,126,128,130,132,134,136,138,140,142,144,146,148,150,152,154,156,158,160,162,164,166,168,170,172,174,176,178,180,182,184,186,188,190,192,194,196,198,200],"measured_values":[1159250.0,2239542.0,3272917.0,4367166.0,5701833.0,6857083.0,7628333.0,8822792.0,9832000.0,10869750.0,11959834.0,13024708.0,14217958.0,16036875.0,16429042.0,17459083.0,18554250.0,19636792.0,21032916.0,21884667.0,22996708.0,23983666.0,25040458.0,26175792.0,27220417.0,28284208.0,29350209.0,30521375.0,31553750.0,32640042.0,33740792.0,34896583.0,35996291.0,37036750.0,38150250.0,39152750.0,40247292.0,41348958.0,42392459.0,43940042.0,44782833.0,45652333.0,46973459.0,48083917.0,49204042.0,50039291.0,51105917.0,52209542.0,53239667.0,54383958.0,55525208.0,56533458.0,57601917.0,58767209.0,59899958.0,60916833.0,61940125.0,62999708.0,64553083.0,67303125.0,67533708.0,68160458.0,68632458.0,69662209.0,70679833.0,71753625.0,72703250.0,73838583.0,74954750.0,76068292.0,77064792.0,78099750.0,79174375.0,80549291.0,81375833.0,82384541.0,88343792.0,85706417.0,89439542.0,87319166.0,88234875.0,89121291.0,90232333.0,91428583.0,101934625.0,95293375.0,95145917.0,95731375.0,96671458.0,97689625.0,99603750.0,101732667.0,101742542.0,102262291.0,103228333.0,104343916.0,105368375.0,106283875.0,109627375.0,109763959.0],"unit":"ns","throughput":[],"typical":{"estimate":547482.3677168612,"lower_bound":545227.5476726261,"upper_bound":550498.7534811492,"unit":"ns"},"mean":{"estimate":547657.6153698919,"lower_bound":546062.4925819285,"upper_bound":549554.4358082382,"unit":"ns"},"median":{"estimate":544386.5621568628,"lower_bound":543989.264398386,"upper_bound":545259.109375,"unit":"ns"},"median_abs_dev":{"estimate":1730.5170697235951,"lower_bound":1210.5488051874074,"upper_bound":2630.4317759812366,"unit":"ns"},"slope":{"estimate":547482.3677168612,"lower_bound":545227.5476726261,"upper_bound":550498.7534811492,"unit":"ns"},"change":{"mean":{"estimate":-0.010745561596681497,"lower_bound":-0.015195833088098501,"upper_bound":-0.0065083182821742535,"unit":"%"},"median":{"estimate":-0.008066493008502484,"lower_bound":-0.01283987400515274,"upper_bound":-0.005796821926651763,"unit":"%"},"change":"NoChange"}}
{"reason":"group-complete","group_name":"Solutions","benchmarks":["Solutions/Day 01/Part 01","Solutions/Day 01/Part 02","Solutions/Day 02/Part 01","Solutions/Day 02/Part 02"],"report_directory":"/Volumes/Code/Personal/AOC2023/target/criterion/reports/Solutions"}
