{"reason":"benchmark-complete","id":"Solutions/Day 08/Part 01","report_directory":"/Volumes/Code/Personal/AOC2023/target/criterion/reports/Solutions/Day 08_Part 01","iteration_count":[2,4,6,8,10,12,14,16,18,20,22,24,26,28,30,32,34,36,38,40,42,44,46,48,50,52,54,56,58,60,62,64,66,68,70,72,74,76,78,80,82,84,86,88,90,92,94,96,98,100,102,104,106,108,110,112,114,116,118,120,122,124,126,128,130,132,134,136,138,140,142,144,146,148,150,152,154,156,158,160,162,164,166,168,170,172,174,176,178,180,182,184,186,188,190,192,194,196,198,200],"measured_values":[1570042.0,3058875.0,4493250.0,5985667.0,7601917.0,9108750.0,10525250.0,11986917.0,13448500.0,14980583.0,16442000.0,17921292.0,19423125.0,20894167.0,22509041.0,25631875.0,26809042.0,27368000.0,29220542.0,30242833.0,31452500.0,32942125.0,34446208.0,36346875.0,37502209.0,39037291.0,40553041.0,42004375.0,43374875.0,44940292.0,46583250.0,47966750.0,49696167.0,50986208.0,53348208.0,54998208.0,55616334.0,57169250.0,58494375.0,60064375.0,61529375.0,62862375.0,64540250.0,66181875.0,67613125.0,68920000.0,70365708.0,72093166.0,73603791.0,75023834.0,76541667.0,77707709.0,79536125.0,81268750.0,82430250.0,84119667.0,85636375.0,87527417.0,88543583.0,90250667.0,92014167.0,95017875.0,96867375.0,95981958.0,97744875.0,99923375.0,101321750.0,102218375.0,104563625.0,105014459.0,106700542.0,108222625.0,109551875.0,111051959.0,112773125.0,114432750.0,117322375.0,117384833.0,118580250.0,120072333.0,121495166.0,123244458.0,125645709.0,129747125.0,127999542.0,128865250.0,130532584.0,132799750.0,133418708.0,135281250.0,136584167.0,138504959.0,139240500.0,140710750.0,143307292.0,143949375.0,145163584.0,146708458.0,149647584.0,150398667.0],"unit":"ns","throughput":[],"typical":{"estimate":752585.5516506576,"lower_bound":751491.6844311696,"upper_bound":753919.2829978667,"unit":"ns"},"mean":{"estimate":753582.0320487523,"lower_bound":752078.7444532608,"upper_bound":755341.7322155718,"unit":"ns"},"median":{"estimate":750976.3599537037,"lower_bound":750358.231707317,"upper_bound":751562.5,"unit":"ns"},"median_abs_dev":{"estimate":2640.5327115450677,"lower_bound":1788.4713127763935,"upper_bound":3727.7470561758146,"unit":"ns"},"slope":{"estimate":752585.5516506576,"lower_bound":751491.6844311696,"upper_bound":753919.2829978667,"unit":"ns"},"change":{"mean":{"estimate":-0.01405804558129875,"lower_bound":-0.019907404493115146,"upper_bound":-0.009190702664514681,"unit":"%"},"median":{"estimate":-0.010126539792743805,"lower_bound":-0.013058362694006731,"upper_bound":-0.007252196125767552,"unit":"%"},"change":"NoChange"}}
{"reason":"benchmark-complete","id":"Solutions/Day 08/Part 02","report_directory":"/Volumes/Code/Personal/AOC2023/target/criterion/reports/Solutions/Day 08_Part 02","iteration_count":[12,12,12,12,12,12,12,12,12,12,12,12,12,12,12,12,12,12,12,12,12,12,12,12,12,12,12,12,12,12,12,12,12,12,12,12,12,12,12,12,12,12,12,12,12,12,12,12,12,12,12,12,12,12,12,12,12,12,12,12,12,12,12,12,12,12,12,12,12,12,12,12,12,12,12,12,12,12,12,12,12,12,12,12,12,12,12,12,12,12,12,12,12,12,12,12,12,12,12,12],"measured_values":[53453208.0,52940125.0,52822917.0,52880375.0,53204833.0,55206542.0,53709000.0,53173834.0,52890084.0,53027750.0,52736958.0,53068833.0,53195583.0,52898584.0,52903500.0,53000375.0,52711709.0,52776792.0,52922667.0,53159000.0,52906458.0,52897375.0,53488959.0,53154041.0,52790958.0,52864417.0,52958250.0,52876041.0,53219250.0,52819583.0,52876292.0,53041625.0,52866417.0,52861375.0,52830792.0,52823250.0,52812958.0,53174292.0,52943250.0,52947792.0,53304875.0,52919667.0,53167583.0,52843416.0,52862125.0,52911917.0,53067083.0,52935208.0,52802666.0,52942416.0,53647125.0,55077708.0,53021917.0,53425958.0,53673208.0,52893291.0,52792625.0,52771833.0,52904500.0,52716292.0,53048708.0,52947000.0,53357167.0,52841000.0,53027084.0,53858667.0,52907333.0,52883709.0,52844166.0,53053458.0,52892875.0,52693959.0,52779250.0,52852250.0,52826291.0,53702125.0,52997375.0,53129458.0,53126833.0,52849958.0,52884459.0,52915667.0,52783542.0,52774417.0,52955875.0,52900500.0,52880208.0,52974542.0,53126708.0,52760792.0,52866667.0,52813041.0,52885542.0,52839959.0,53131750.0,52915417.0,52892042.0,53338500.0,53027000.0,54549292.0],"unit":"ns","throughput":[],"typical":{"estimate":4421126.702500001,"lower_bound":4414999.044416667,"upper_bound":4428362.709999997,"unit":"ns"},"mean":{"estimate":4421126.702500001,"lower_bound":4414999.044416667,"upper_bound":4428362.709999997,"unit":"ns"},"median":{"estimate":4409472.25,"lower_bound":4407722.208333334,"upper_bound":4412619.791666666,"unit":"ns"},"median_abs_dev":{"estimate":12028.210036456354,"lower_bound":7786.182636767166,"upper_bound":16010.042685140575,"unit":"ns"},"slope":null,"change":{"mean":{"estimate":-0.0027403871942123237,"lower_bound":-0.005824230482748123,"upper_bound":0.0002414366701113436,"unit":"%"},"median":{"estimate":0.00032769757404538247,"lower_bound":-0.002608807513745243,"upper_bound":0.0014494212616498192,"unit":"%"},"change":"NoChange"}}
{"reason":"group-complete","group_name":"Solutions","benchmarks":["Solutions/Day 07/Part 02 Disordered","Solutions/Day 07/Part 01 Disordered","Solutions/Day 01/Part 01","Solutions/Day 01/Part 02","Solutions/Day 02/Part 01","Solutions/Day 02/Part 02","Solutions/Day 03/Part 01","Solutions/Day 03/Part 02","Solutions/Day 04/Part 01","Solutions/Day 04/Part 02","Solutions/Day 05/Part 01","Solutions/Day 05/Part 02","Solutions/Day 06/Part 01","Solutions/Day 06/Part 02","Solutions/Day 07/Part 01","Solutions/Day 07/Part 02","Solutions/Day 08/Part 01","Solutions/Day 08/Part 02"],"report_directory":"/Volumes/Code/Personal/AOC2023/target/criterion/reports/Solutions"}
