{"reason":"benchmark-complete","id":"Solutions/Day 03/Part 01","report_directory":"/Volumes/Code/Personal/AOC2023/target/criterion/reports/Solutions/Day 03_Part 01","iteration_count":[2,4,6,8,10,12,14,16,18,20,22,24,26,28,30,32,34,36,38,40,42,44,46,48,50,52,54,56,58,60,62,64,66,68,70,72,74,76,78,80,82,84,86,88,90,92,94,96,98,100,102,104,106,108,110,112,114,116,118,120,122,124,126,128,130,132,134,136,138,140,142,144,146,148,150,152,154,156,158,160,162,164,166,168,170,172,174,176,178,180,182,184,186,188,190,192,194,196,198,200],"measured_values":[1126666.0,2240583.0,3289416.0,4536708.0,5439084.0,6527125.0,7685583.0,8712292.0,9790625.0,10882167.0,12059667.0,13061209.0,14162084.0,15214667.0,16317500.0,17411750.0,18500708.0,19814333.0,20934000.0,21785250.0,23267334.0,24046375.0,25180959.0,26182000.0,27322167.0,28370542.0,29516834.0,30560667.0,31636125.0,32763958.0,33827542.0,34891542.0,35986584.0,37115292.0,38177333.0,39259625.0,40387750.0,41481042.0,42490417.0,43989292.0,44803083.0,45796917.0,46855083.0,47966875.0,49061750.0,50141250.0,51175083.0,52639834.0,53520500.0,55269708.0,55774667.0,56729584.0,57878792.0,58932834.0,59993917.0,61073792.0,62115709.0,63497417.0,64722292.0,65347209.0,66429792.0,67593333.0,68708458.0,70207542.0,70874917.0,72628875.0,76150125.0,75024625.0,75500458.0,76460166.0,77576083.0,79026709.0,80184208.0,80766708.0,81702833.0,82797209.0,84169917.0,85294042.0,86520167.0,87327209.0,88403250.0,89497875.0,90579542.0,91627000.0,95856375.0,96212875.0,95801041.0,97131083.0,97583500.0,98346250.0,99594042.0,100384750.0,101502084.0,103281583.0,103716125.0,104773250.0,107337959.0,107464417.0,108017459.0,109114708.0],"unit":"ns","throughput":[],"typical":{"estimate":547843.5410152209,"lower_bound":546775.9445338498,"upper_bound":549089.9505841724,"unit":"ns"},"mean":{"estimate":547509.3538306783,"lower_bound":546649.4315803407,"upper_bound":548483.9110623939,"unit":"ns"},"median":{"estimate":545753.3009169884,"lower_bound":545587.3461538461,"upper_bound":546310.4436619718,"unit":"ns"},"median_abs_dev":{"estimate":1511.6483128417435,"lower_bound":1001.0157967554228,"upper_bound":2211.656349837593,"unit":"ns"},"slope":{"estimate":547843.5410152209,"lower_bound":546775.9445338498,"upper_bound":549089.9505841724,"unit":"ns"},"change":{"mean":{"estimate":-0.033473900088149766,"lower_bound":-0.04702069593458438,"upper_bound":-0.021186364475460674,"unit":"%"},"median":{"estimate":-0.003981376479198828,"lower_bound":-0.006600326020101854,"upper_bound":-0.0017718714883942436,"unit":"%"},"change":"Improved"}}
{"reason":"benchmark-complete","id":"Solutions/Day 03/Part 02","report_directory":"/Volumes/Code/Personal/AOC2023/target/criterion/reports/Solutions/Day 03_Part 02","iteration_count":[4,8,12,16,20,24,28,32,36,40,44,48,52,56,60,64,68,72,76,80,84,88,92,96,100,104,108,112,116,120,124,128,132,136,140,144,148,152,156,160,164,168,172,176,180,184,188,192,196,200,204,208,212,216,220,224,228,232,236,240,244,248,252,256,260,264,268,272,276,280,284,288,292,296,300,304,308,312,316,320,324,328,332,336,340,344,348,352,356,360,364,368,372,376,380,384,388,392,396,400],"measured_values":[1389042.0,2662708.0,3834541.0,5111792.0,6470750.0,7756583.0,9013916.0,10404167.0,11669917.0,12796167.0,14073875.0,15318292.0,16573834.0,17861709.0,19119417.0,20518000.0,21698334.0,22961958.0,24279583.0,25509875.0,26761625.0,28027458.0,29378333.0,30567917.0,31818375.0,33078833.0,34357000.0,35633750.0,36885875.0,38387500.0,39584958.0,40817833.0,42071708.0,43234709.0,44535917.0,46009292.0,47287959.0,48318000.0,49857917.0,50987375.0,52121709.0,55368875.0,56492042.0,56710708.0,57427500.0,58616958.0,59874750.0,61124833.0,62359083.0,64715250.0,65053958.0,66238458.0,67543875.0,68887500.0,70526208.0,71418000.0,72583792.0,73821750.0,75347125.0,76305541.0,77594833.0,78883458.0,80213167.0,82120667.0,82614625.0,86933125.0,86676917.0,88286000.0,88175208.0,89831458.0,90342375.0,91552209.0,92883250.0,94122958.0,96191459.0,96747750.0,98059250.0,99426250.0,101029625.0,101668334.0,103100708.0,104234250.0,105536542.0,106805917.0,109046917.0,109630958.0,110893875.0,112418791.0,113682666.0,114907875.0,116125458.0,117428916.0,119054958.0,119978166.0,121048833.0,123113458.0,124191375.0,128309916.0,127620083.0,128101792.0],"unit":"ns","throughput":[],"typical":{"estimate":319729.25327176,"lower_bound":319167.39009762456,"upper_bound":320402.5043165524,"unit":"ns"},"mean":{"estimate":320148.4963201755,"lower_bound":319467.690705195,"upper_bound":320975.19177433214,"unit":"ns"},"median":{"estimate":318941.35019841266,"lower_bound":318673.8782051282,"upper_bound":319267.47881355934,"unit":"ns"},"median_abs_dev":{"estimate":1153.0301789871226,"lower_bound":850.3514738392097,"upper_bound":1550.0416340155748,"unit":"ns"},"slope":{"estimate":319729.25327176,"lower_bound":319167.39009762456,"upper_bound":320402.5043165524,"unit":"ns"},"change":{"mean":{"estimate":-0.001135266104978827,"lower_bound":-0.004999915772796231,"upper_bound":0.002527481774014245,"unit":"%"},"median":{"estimate":-0.0006588613000985122,"lower_bound":-0.0018392888433482746,"upper_bound":0.0008564683146778802,"unit":"%"},"change":"NoChange"}}
{"reason":"group-complete","group_name":"Solutions","benchmarks":["Solutions/Day 01/Part 01","Solutions/Day 01/Part 02","Solutions/Day 02/Part 01","Solutions/Day 02/Part 02","Solutions/Day 03/Part 01","Solutions/Day 03/Part 02"],"report_directory":"/Volumes/Code/Personal/AOC2023/target/criterion/reports/Solutions"}
