{"reason":"benchmark-complete","id":"Solutions/Day 06/Part 01","report_directory":"/Volumes/Code/Personal/AOC2023/target/criterion/reports/Solutions/Day 06_Part 01","iteration_count":[139,278,417,556,695,834,973,1112,1251,1390,1529,1668,1807,1946,2085,2224,2363,2502,2641,2780,2919,3058,3197,3336,3475,3614,3753,3892,4031,4170,4309,4448,4587,4726,4865,5004,5143,5282,5421,5560,5699,5838,5977,6116,6255,6394,6533,6672,6811,6950,7089,7228,7367,7506,7645,7784,7923,8062,8201,8340,8479,8618,8757,8896,9035,9174,9313,9452,9591,9730,9869,10008,10147,10286,10425,10564,10703,10842,10981,11120,11259,11398,11537,11676,11815,11954,12093,12232,12371,12510,12649,12788,12927,13066,13205,13344,13483,13622,13761,13900],"measured_values":[1053833.0,2471625.0,2999000.0,3934959.0,4991084.0,6005084.0,7057292.0,7890291.0,8832833.0,9772750.0,10784250.0,11789958.0,12871917.0,14000834.0,14941375.0,15748916.0,16705958.0,18447083.0,18850000.0,19764875.0,22025291.0,24319666.0,25143542.0,23788958.0,24699375.0,25615709.0,27825625.0,27667458.0,29277834.0,29577667.0,30403208.0,31670208.0,32403125.0,33434875.0,34413542.0,35511750.0,37308791.0,37404583.0,38508625.0,39486208.0,40445459.0,41424250.0,43598084.0,43494875.0,44588875.0,45398541.0,46404875.0,47283333.0,49120750.0,49216958.0,50152916.0,51296416.0,52175041.0,54142541.0,54587417.0,55165917.0,56037541.0,60655542.0,65048500.0,62562792.0,60119666.0,60855083.0,62432916.0,63629333.0,63857416.0,65325834.0,66811042.0,66833416.0,68028167.0,69603250.0,70809583.0,70670167.0,71701084.0,73798250.0,74348750.0,74821875.0,76191167.0,77029208.0,78050125.0,78987125.0,80832458.0,80879000.0,81674625.0,84071458.0,83782250.0,85146292.0,86553125.0,86640708.0,87797208.0,90125458.0,89453166.0,90788333.0,92792334.0,92448459.0,93898583.0,95363834.0,95323166.0,97491500.0,97229417.0,98224584.0],"unit":"ns","throughput":[],"typical":{"estimate":7135.565743446029,"lower_bound":7115.09328895729,"upper_bound":7162.043191157079,"unit":"ns"},"mean":{"estimate":7181.617630142828,"lower_bound":7140.3138124961515,"upper_bound":7233.915837515346,"unit":"ns"},"median":{"estimate":7106.219239992621,"lower_bound":7096.80615020179,"upper_bound":7122.828509285595,"unit":"ns"},"median_abs_dev":{"estimate":50.04434360501223,"lower_bound":35.95282281299021,"upper_bound":71.64449002107337,"unit":"ns"},"slope":{"estimate":7135.565743446029,"lower_bound":7115.09328895729,"upper_bound":7162.043191157079,"unit":"ns"},"change":{"mean":{"estimate":-0.0027923857837557353,"lower_bound":-0.010199027458408456,"upper_bound":0.005492690633094527,"unit":"%"},"median":{"estimate":-0.006848193798119517,"lower_bound":-0.008716909055686006,"upper_bound":-0.0030399909293047367,"unit":"%"},"change":"NoChange"}}
{"reason":"benchmark-complete","id":"Solutions/Day 06/Part 02","report_directory":"/Volumes/Code/Personal/AOC2023/target/criterion/reports/Solutions/Day 06_Part 02","iteration_count":[7,7,7,7,7,7,7,7,7,7,7,7,7,7,7,7,7,7,7,7,7,7,7,7,7,7,7,7,7,7,7,7,7,7,7,7,7,7,7,7,7,7,7,7,7,7,7,7,7,7,7,7,7,7,7,7,7,7,7,7,7,7,7,7,7,7,7,7,7,7,7,7,7,7,7,7,7,7,7,7,7,7,7,7,7,7,7,7,7,7,7,7,7,7,7,7,7,7,7,7],"measured_values":[57795625.0,57680334.0,57782167.0,57521125.0,57562125.0,57606250.0,57580208.0,58199542.0,58929291.0,58358334.0,58079792.0,57825583.0,57987833.0,57566375.0,58338667.0,57581791.0,58208500.0,57580458.0,57512000.0,57523334.0,57779709.0,57586250.0,57563084.0,57786875.0,57583959.0,59166167.0,57631750.0,57552917.0,57415334.0,58393000.0,57596167.0,57609291.0,57473375.0,57671958.0,58131167.0,59878334.0,58565166.0,57850417.0,58538667.0,57490709.0,57590125.0,57613375.0,57856375.0,57489292.0,57592000.0,57526042.0,57828250.0,58344750.0,57618791.0,57491416.0,57479666.0,58447708.0,57528750.0,57580542.0,57566250.0,58132167.0,57579917.0,57661625.0,59818708.0,59052041.0,58907417.0,57574375.0,57436333.0,57499625.0,58934833.0,57835542.0,57598166.0,57617500.0,57587875.0,57976667.0,57539917.0,57522209.0,57706167.0,58140917.0,57601041.0,57731958.0,57688083.0,57729958.0,58423375.0,58877458.0,58146416.0,57563500.0,58642042.0,57651333.0,57540166.0,57450416.0,57914583.0,57675125.0,57516542.0,57753167.0,57575000.0,58136666.0,57677750.0,57481417.0,58298917.0,59155292.0,58497000.0,57492167.0,57630542.0,57864291.0],"unit":"ns","throughput":[],"typical":{"estimate":8271247.382857141,"lower_bound":8257519.114107145,"upper_bound":8286164.899000003,"unit":"ns"},"mean":{"estimate":8271247.382857141,"lower_bound":8257519.114107145,"upper_bound":8286164.899000003,"unit":"ns"},"median":{"estimate":8238113.071428571,"lower_bound":8228720.142857143,"upper_bound":8254244.142857143,"unit":"ns"},"median_abs_dev":{"estimate":31337.50384364691,"lower_bound":18858.883465187693,"upper_bound":50404.05720514832,"unit":"ns"},"slope":null,"change":{"mean":{"estimate":-0.4976490716693105,"lower_bound":-0.49869067153968855,"upper_bound":-0.49665946601334143,"unit":"%"},"median":{"estimate":-0.4987128979868921,"lower_bound":-0.4994889349180613,"upper_bound":-0.4977462329332828,"unit":"%"},"change":"Improved"}}
{"reason":"group-complete","group_name":"Solutions","benchmarks":["Solutions/Day 01/Part 01","Solutions/Day 01/Part 02","Solutions/Day 02/Part 01","Solutions/Day 02/Part 02","Solutions/Day 03/Part 01","Solutions/Day 03/Part 02","Solutions/Day 04/Part 01","Solutions/Day 04/Part 02","Solutions/Day 05/Part 01","Solutions/Day 05/Part 02","Solutions/Day 06/Part 01","Solutions/Day 06/Part 02"],"report_directory":"/Volumes/Code/Personal/AOC2023/target/criterion/reports/Solutions"}
