{"reason":"benchmark-complete","id":"Solutions/Day 18/Part 01","report_directory":"/Volumes/Code/Personal/AOC2023/target/criterion/reports/Solutions/Day 18_Part 01","iteration_count":[21,42,63,84,105,126,147,168,189,210,231,252,273,294,315,336,357,378,399,420,441,462,483,504,525,546,567,588,609,630,651,672,693,714,735,756,777,798,819,840,861,882,903,924,945,966,987,1008,1029,1050,1071,1092,1113,1134,1155,1176,1197,1218,1239,1260,1281,1302,1323,1344,1365,1386,1407,1428,1449,1470,1491,1512,1533,1554,1575,1596,1617,1638,1659,1680,1701,1722,1743,1764,1785,1806,1827,1848,1869,1890,1911,1932,1953,1974,1995,2016,2037,2058,2079,2100],"measured_values":[1156500.0,2078459.0,3009209.0,3952167.0,5069959.0,6080167.0,7062625.0,7876000.0,8874000.0,9836250.0,10808042.0,11792584.0,12837000.0,13757667.0,14738834.0,15723000.0,16727583.0,17727083.0,20085792.0,22120334.0,22703000.0,22217333.0,23116250.0,24099583.0,24920000.0,27171125.0,27061041.0,27596084.0,28599875.0,29507333.0,30573750.0,31802334.0,32786000.0,33763917.0,34683125.0,35661791.0,36705125.0,38758708.0,38607916.0,39755625.0,40702791.0,41628917.0,42753542.0,43608709.0,44604833.0,45559333.0,46552417.0,47480417.0,48589834.0,49498667.0,50458583.0,51469000.0,52510375.0,53897625.0,54427125.0,55470417.0,56609041.0,57432708.0,58495167.0,60978542.0,60654792.0,62312208.0,62329458.0,63460166.0,64339083.0,65401083.0,66330000.0,67327833.0,68313541.0,69744250.0,70293542.0,71509292.0,72374167.0,73326334.0,74251500.0,75364125.0,76934916.0,77386959.0,78942417.0,80176917.0,80364000.0,81420916.0,82016833.0,83175292.0,84054792.0,87693250.0,91349500.0,87360000.0,88346458.0,89207792.0,90229458.0,91333959.0,92487750.0,93296666.0,94253292.0,95066125.0,95903000.0,96950875.0,98245500.0,99335958.0],"unit":"ns","throughput":[],"typical":{"estimate":47373.19750765269,"lower_bound":47259.92512396368,"upper_bound":47532.877848874225,"unit":"ns"},"mean":{"estimate":47566.01354224142,"lower_bound":47357.415731413894,"upper_bound":47820.061768792446,"unit":"ns"},"median":{"estimate":47213.71461831147,"lower_bound":47179.132973944295,"upper_bound":47262.752841415764,"unit":"ns"},"median_abs_dev":{"estimate":159.0623953441832,"lower_bound":114.36178601785704,"upper_bound":272.67038205887525,"unit":"ns"},"slope":{"estimate":47373.19750765269,"lower_bound":47259.92512396368,"upper_bound":47532.877848874225,"unit":"ns"},"change":{"mean":{"estimate":-0.004699510783993777,"lower_bound":-0.012067020434352293,"upper_bound":0.0024785912750726787,"unit":"%"},"median":{"estimate":-0.0014249449755353583,"lower_bound":-0.0035459164952241773,"upper_bound":0.00004249214021334602,"unit":"%"},"change":"NoChange"}}
{"reason":"benchmark-complete","id":"Solutions/Day 18/Part 02","report_directory":"/Volumes/Code/Personal/AOC2023/target/criterion/reports/Solutions/Day 18_Part 02","iteration_count":[22,44,66,88,110,132,154,176,198,220,242,264,286,308,330,352,374,396,418,440,462,484,506,528,550,572,594,616,638,660,682,704,726,748,770,792,814,836,858,880,902,924,946,968,990,1012,1034,1056,1078,1100,1122,1144,1166,1188,1210,1232,1254,1276,1298,1320,1342,1364,1386,1408,1430,1452,1474,1496,1518,1540,1562,1584,1606,1628,1650,1672,1694,1716,1738,1760,1782,1804,1826,1848,1870,1892,1914,1936,1958,1980,2002,2024,2046,2068,2090,2112,2134,2156,2178,2200],"measured_values":[1220250.0,2163542.0,3114333.0,4148875.0,5169917.0,6382917.0,7298750.0,8363666.0,9311500.0,10333792.0,11358959.0,12403667.0,13435542.0,14425667.0,16108000.0,17630542.0,18406250.0,19209791.0,19801875.0,20728209.0,21747958.0,23061125.0,24531083.0,25299458.0,25882541.0,27041500.0,27891833.0,29016583.0,30010333.0,31060917.0,32122667.0,33175292.0,34211458.0,35188292.0,36275458.0,37573875.0,38452333.0,39693375.0,40378041.0,41514208.0,42441500.0,43431792.0,44426584.0,45565709.0,46497250.0,47549541.0,48565375.0,49511375.0,50662084.0,52077292.0,52629542.0,53705666.0,54645667.0,55866917.0,57153542.0,57939875.0,58956959.0,60052333.0,64882000.0,65011667.0,63591500.0,63886875.0,64963583.0,66205291.0,67241166.0,68150625.0,69092958.0,70184667.0,71194666.0,72374500.0,73164042.0,74211916.0,75350458.0,76851917.0,77258084.0,78318834.0,79468875.0,80476709.0,81578125.0,83843834.0,83547541.0,84533833.0,85444375.0,86657875.0,87679083.0,88760958.0,89704375.0,90790833.0,91903167.0,92766334.0,94411667.0,94841667.0,96485750.0,97050167.0,98023417.0,99269417.0,100836417.0,100853791.0,103141541.0,106301459.0],"unit":"ns","throughput":[],"typical":{"estimate":47097.94351303787,"lower_bound":46995.17904352943,"upper_bound":47226.327096510955,"unit":"ns"},"mean":{"estimate":47332.74469845567,"lower_bound":47156.069375473875,"upper_bound":47563.939771126,"unit":"ns"},"median":{"estimate":47023.90940818441,"lower_bound":46981.566015506236,"upper_bound":47067.004442148755,"unit":"ns"},"median_abs_dev":{"estimate":191.9506533998683,"lower_bound":140.4490239488388,"upper_bound":257.321586646991,"unit":"ns"},"slope":{"estimate":47097.94351303787,"lower_bound":46995.17904352943,"upper_bound":47226.327096510955,"unit":"ns"},"change":{"mean":{"estimate":0.0048074161124074255,"lower_bound":0.0002967162054990271,"upper_bound":0.009615426211593336,"unit":"%"},"median":{"estimate":0.0014035399062408693,"lower_bound":2.9955816150846267e-6,"upper_bound":0.00287473730416268,"unit":"%"},"change":"NoChange"}}
{"reason":"group-complete","group_name":"Solutions","benchmarks":["Solutions/Day 07/Part 02 Disordered","Solutions/Day 07/Part 01 Disordered","Solutions/Day 01/Part 01","Solutions/Day 01/Part 02","Solutions/Day 02/Part 01","Solutions/Day 02/Part 02","Solutions/Day 03/Part 01","Solutions/Day 03/Part 02","Solutions/Day 04/Part 01","Solutions/Day 04/Part 02","Solutions/Day 05/Part 01","Solutions/Day 05/Part 02","Solutions/Day 06/Part 01","Solutions/Day 06/Part 02","Solutions/Day 07/Part 01","Solutions/Day 07/Part 02","Solutions/Day 08/Part 01","Solutions/Day 08/Part 02","Solutions/Day 09/Part 01","Solutions/Day 09/Part 02","Solutions/Day 10/Part 01","Solutions/Day 10/Part 02","Solutions/Day 11/Part 01","Solutions/Day 11/Part 02","Solutions/Day 12/Part 01","Solutions/Day 12/Part 02","Solutions/Day 13/Part 01","Solutions/Day 13/Part 02","Solutions/Day 14/Part 01","Solutions/Day 14/Part 02","Solutions/Day 15/Part 01","Solutions/Day 15/Part 02","Solutions/Day 16/Part 01","Solutions/Day 16/Part 02","Solutions/Day 17/Part 01","Solutions/Day 17/Part 02","Solutions/Day 18/Part 01","Solutions/Day 18/Part 02"],"report_directory":"/Volumes/Code/Personal/AOC2023/target/criterion/reports/Solutions"}
