{"reason":"benchmark-complete","id":"Solutions/Day 07/Part 01","report_directory":"/Volumes/Code/Personal/AOC2023/target/criterion/reports/Solutions/Day 07_Part 01","iteration_count":[4,8,12,16,20,24,28,32,36,40,44,48,52,56,60,64,68,72,76,80,84,88,92,96,100,104,108,112,116,120,124,128,132,136,140,144,148,152,156,160,164,168,172,176,180,184,188,192,196,200,204,208,212,216,220,224,228,232,236,240,244,248,252,256,260,264,268,272,276,280,284,288,292,296,300,304,308,312,316,320,324,328,332,336,340,344,348,352,356,360,364,368,372,376,380,384,388,392,396,400],"measured_values":[1211750.0,2382333.0,3560666.0,4822000.0,6115042.0,7654000.0,8447625.0,9590041.0,10720167.0,11910792.0,13080708.0,14321125.0,15482000.0,16668000.0,17796167.0,18961292.0,20224250.0,22225791.0,23902209.0,24279125.0,25257500.0,26319208.0,27510458.0,28684875.0,29785291.0,30975292.0,32190917.0,33497167.0,34778666.0,36134375.0,36953667.0,38339917.0,39501542.0,40831792.0,41649584.0,42882875.0,44115084.0,45253125.0,46417917.0,47598542.0,48793541.0,50080791.0,51187958.0,52326792.0,53491542.0,54763500.0,55796417.0,57113084.0,58218000.0,59493042.0,60629375.0,62220083.0,63081541.0,64084917.0,65376083.0,67554042.0,68047833.0,69199917.0,70364542.0,71591458.0,72724292.0,73766500.0,74926667.0,76083709.0,77402833.0,78919791.0,79751041.0,80633833.0,82046542.0,83849750.0,84364791.0,85570916.0,86750042.0,88003000.0,89044959.0,90338750.0,91495750.0,93091083.0,93931459.0,95239500.0,96370708.0,97478667.0,98779625.0,100317958.0,101230500.0,102455167.0,107476750.0,109240625.0,107904334.0,107928333.0,109074250.0,110446833.0,111012666.0,115084792.0,113405250.0,114683584.0,116951625.0,116845083.0,118270333.0,119142084.0],"unit":"ns","throughput":[],"typical":{"estimate":299016.24746046995,"lower_bound":298242.5775939897,"upper_bound":299923.07313923404,"unit":"ns"},"mean":{"estimate":299156.19691556634,"lower_bound":298509.6021748352,"upper_bound":299929.20927616523,"unit":"ns"},"median":{"estimate":297846.1280769231,"lower_bound":297680.3923872181,"upper_bound":298275.5043103448,"unit":"ns"},"median_abs_dev":{"estimate":963.1043156984801,"lower_bound":725.4872580924774,"upper_bound":1432.95225349632,"unit":"ns"},"slope":{"estimate":299016.24746046995,"lower_bound":298242.5775939897,"upper_bound":299923.07313923404,"unit":"ns"},"change":{"mean":{"estimate":-0.007573892108460711,"lower_bound":-0.01098268953552928,"upper_bound":-0.003970477499144309,"unit":"%"},"median":{"estimate":-0.006981329108876166,"lower_bound":-0.008330243085968969,"upper_bound":-0.005077734345463658,"unit":"%"},"change":"NoChange"}}
{"reason":"benchmark-complete","id":"Solutions/Day 07/Part 02","report_directory":"/Volumes/Code/Personal/AOC2023/target/criterion/reports/Solutions/Day 07_Part 02","iteration_count":[4,8,12,16,20,24,28,32,36,40,44,48,52,56,60,64,68,72,76,80,84,88,92,96,100,104,108,112,116,120,124,128,132,136,140,144,148,152,156,160,164,168,172,176,180,184,188,192,196,200,204,208,212,216,220,224,228,232,236,240,244,248,252,256,260,264,268,272,276,280,284,288,292,296,300,304,308,312,316,320,324,328,332,336,340,344,348,352,356,360,364,368,372,376,380,384,388,392,396,400],"measured_values":[1248167.0,2589083.0,3767167.0,5081792.0,6234500.0,7308125.0,8489750.0,9678667.0,10861500.0,12036500.0,13329000.0,14437291.0,15606667.0,16804667.0,18126958.0,19272000.0,20412875.0,21828250.0,22939458.0,24069500.0,25363542.0,26440458.0,27682000.0,28846625.0,30420875.0,31403417.0,32585292.0,33746917.0,35006667.0,36159458.0,37578750.0,38676458.0,39895875.0,41093625.0,42270292.0,43350834.0,44606500.0,45745042.0,46929875.0,48635125.0,49555958.0,50623625.0,51942875.0,52962000.0,54125500.0,55194041.0,56399000.0,57539458.0,58726583.0,60014375.0,61164416.0,62442958.0,63654959.0,64988625.0,66321291.0,67297041.0,68503083.0,69668584.0,70880625.0,72536750.0,73178875.0,74268166.0,75514042.0,76735792.0,77877333.0,79138875.0,80303125.0,81489375.0,82740833.0,83973459.0,88676792.0,88159083.0,89800125.0,89012458.0,90249083.0,91403375.0,93003625.0,93924708.0,94938625.0,98552500.0,97748834.0,98729042.0,100713916.0,101294916.0,102526541.0,103577000.0,104846125.0,105956042.0,106978917.0,108080625.0,109680458.0,110995084.0,111936667.0,113628375.0,114529334.0,115570291.0,116927875.0,117760417.0,118916792.0,120152750.0],"unit":"ns","throughput":[],"typical":{"estimate":301384.2243763854,"lower_bound":300918.77886339586,"upper_bound":301951.75338449044,"unit":"ns"},"mean":{"estimate":302141.9623940548,"lower_bound":301471.08862611547,"upper_bound":302928.401429692,"unit":"ns"},"median":{"estimate":301044.094551282,"lower_bound":300873.2638888889,"upper_bound":301392.98421052634,"unit":"ns"},"median_abs_dev":{"estimate":1228.8544137603199,"lower_bound":937.2592688148703,"upper_bound":1491.4353094036262,"unit":"ns"},"slope":{"estimate":301384.2243763854,"lower_bound":300918.77886339586,"upper_bound":301951.75338449044,"unit":"ns"},"change":{"mean":{"estimate":-0.010459270652363073,"lower_bound":-0.013348894730038226,"upper_bound":-0.007422128598962465,"unit":"%"},"median":{"estimate":-0.011227351686016962,"lower_bound":-0.012599076279509402,"upper_bound":-0.009785359295481522,"unit":"%"},"change":"NoChange"}}
{"reason":"group-complete","group_name":"Solutions","benchmarks":["Solutions/Day 07/Part 02 Disordered","Solutions/Day 07/Part 01 Disordered","Solutions/Day 01/Part 01","Solutions/Day 01/Part 02","Solutions/Day 02/Part 01","Solutions/Day 02/Part 02","Solutions/Day 03/Part 01","Solutions/Day 03/Part 02","Solutions/Day 04/Part 01","Solutions/Day 04/Part 02","Solutions/Day 05/Part 01","Solutions/Day 05/Part 02","Solutions/Day 06/Part 01","Solutions/Day 06/Part 02","Solutions/Day 07/Part 01","Solutions/Day 07/Part 02"],"report_directory":"/Volumes/Code/Personal/AOC2023/target/criterion/reports/Solutions"}
