{"reason":"benchmark-complete","id":"Solutions/Day 01/Part 01","report_directory":"/Volumes/Code/Personal/AOC2023/target/criterion/reports/Solutions/Day 01_Part 01","iteration_count":[23,46,69,92,115,138,161,184,207,230,253,276,299,322,345,368,391,414,437,460,483,506,529,552,575,598,621,644,667,690,713,736,759,782,805,828,851,874,897,920,943,966,989,1012,1035,1058,1081,1104,1127,1150,1173,1196,1219,1242,1265,1288,1311,1334,1357,1380,1403,1426,1449,1472,1495,1518,1541,1564,1587,1610,1633,1656,1679,1702,1725,1748,1771,1794,1817,1840,1863,1886,1909,1932,1955,1978,2001,2024,2047,2070,2093,2116,2139,2162,2185,2208,2231,2254,2277,2300],"measured_values":[1142209.0,2363125.0,3293792.0,4408875.0,5446000.0,6553459.0,7653750.0,8707666.0,9790583.0,11200500.0,12208000.0,13121416.0,14153000.0,15389334.0,16320292.0,17434000.0,18529583.0,19762083.0,20384375.0,21482125.0,21919125.0,22991666.0,23755125.0,24925959.0,25624625.0,26765125.0,28108792.0,28950125.0,29723292.0,30670666.0,31750958.0,32596875.0,33605416.0,34756791.0,35644125.0,36618375.0,37887791.0,38717125.0,39709666.0,40576375.0,43067917.0,43655125.0,44494875.0,45440458.0,46058958.0,46996167.0,47909000.0,48922958.0,49978458.0,51242375.0,51963250.0,52752500.0,53662416.0,55267750.0,55878125.0,56979416.0,57935417.0,58865667.0,60304417.0,62031042.0,62990250.0,63222917.0,63996459.0,65152083.0,65999333.0,66841125.0,67936584.0,69324625.0,69736291.0,70699000.0,71726792.0,72726583.0,73844833.0,74723625.0,76411208.0,76832291.0,77289667.0,78932542.0,80078583.0,80425000.0,83741917.0,83748208.0,84918208.0,85961125.0,86809250.0,87641792.0,88511917.0,89663709.0,90474167.0,91813208.0,92474500.0,92930666.0,94137333.0,94595542.0,95701375.0,96966625.0,97754625.0,107381584.0,102641333.0,103106292.0],"unit":"ns","throughput":[],"typical":{"estimate":44371.85154978444,"lower_bound":44201.28200897426,"upper_bound":44613.90009458968,"unit":"ns"},"mean":{"estimate":45099.78950756507,"lower_bound":44811.54453389996,"upper_bound":45408.167011891346,"unit":"ns"},"median":{"estimate":44412.509002259205,"lower_bound":44300.25148221344,"upper_bound":44531.497896213186,"unit":"ns"},"median_abs_dev":{"estimate":615.835071501525,"lower_bound":341.98975782780826,"upper_bound":785.0890554196948,"unit":"ns"},"slope":{"estimate":44371.85154978444,"lower_bound":44201.28200897426,"upper_bound":44613.90009458968,"unit":"ns"},"change":{"mean":{"estimate":0.018674820106551193,"lower_bound":0.009673394226119693,"upper_bound":0.027201565542463682,"unit":"%"},"median":{"estimate":0.012269206507563357,"lower_bound":0.008463073632310358,"upper_bound":0.016177844474933072,"unit":"%"},"change":"NoChange"}}
{"reason":"benchmark-complete","id":"Solutions/Day 01/Part 02","report_directory":"/Volumes/Code/Personal/AOC2023/target/criterion/reports/Solutions/Day 01_Part 02","iteration_count":[1,1,1,1,1,1,1,1,1,1,1,1,1,1,1,1,1,1,1,1,1,1,1,1,1,1,1,1,1,1,1,1,1,1,1,1,1,1,1,1,1,1,1,1,1,1,1,1,1,1,1,1,1,1,1,1,1,1,1,1,1,1,1,1,1,1,1,1,1,1,1,1,1,1,1,1,1,1,1,1,1,1,1,1,1,1,1,1,1,1,1,1,1,1,1,1,1,1,1,1],"measured_values":[70330833.0,68104167.0,67918250.0,67100667.0,66999625.0,67061208.0,67130375.0,67205834.0,66959875.0,67019709.0,66958875.0,67016250.0,67073375.0,67030333.0,67041042.0,67050542.0,66897333.0,66893500.0,66899208.0,67689584.0,66937375.0,66927750.0,67232291.0,67029750.0,67039958.0,66997041.0,66891458.0,66960083.0,67026292.0,66957667.0,67387708.0,67268958.0,66939791.0,67007625.0,66933709.0,67938958.0,67732291.0,68627667.0,67137042.0,66984000.0,67138875.0,66994000.0,66989792.0,68198583.0,67223125.0,67529750.0,67010583.0,66995958.0,66919958.0,66973000.0,66966583.0,66884166.0,66995208.0,66961166.0,66928750.0,66942625.0,66882333.0,66958666.0,66932167.0,67096125.0,66998125.0,66986125.0,66951042.0,66985500.0,67030625.0,66939417.0,66950833.0,69174750.0,70587625.0,70149125.0,67085625.0,67029333.0,66912709.0,66957583.0,69052708.0,69461083.0,67908208.0,66982625.0,66912041.0,66884458.0,66864083.0,66842833.0,66870667.0,66900083.0,66890875.0,66903750.0,66896125.0,66847459.0,66927292.0,67382417.0,67533834.0,66946500.0,67014250.0,66940916.0,66863125.0,66919917.0,67051917.0,67803291.0,67245250.0,66977958.0],"unit":"ns","throughput":[],"typical":{"estimate":67264214.94,"lower_bound":67131822.04025,"upper_bound":67418035.291,"unit":"ns"},"mean":{"estimate":67264214.94,"lower_bound":67131822.04025,"upper_bound":67418035.291,"unit":"ns"},"median":{"estimate":66995583.0,"lower_bound":66966583.0,"upper_bound":67026292.0,"unit":"ns"},"median_abs_dev":{"estimate":112152.0163089037,"lower_bound":78917.3139989376,"upper_bound":162097.844222188,"unit":"ns"},"slope":null,"change":{"mean":{"estimate":-0.014318991376315537,"lower_bound":-0.01732928876900031,"upper_bound":-0.011639868798718677,"unit":"%"},"median":{"estimate":-0.016853698735674882,"lower_bound":-0.021458443065929256,"upper_bound":-0.01380381523382886,"unit":"%"},"change":"Improved"}}
{"reason":"group-complete","group_name":"Solutions","benchmarks":["Solutions/Day 01/Part 01","Solutions/Day 01/Part 02"],"report_directory":"/Volumes/Code/Personal/AOC2023/target/criterion/reports/Solutions"}
