{"reason":"benchmark-complete","id":"Solutions/Day 01/Part 01","report_directory":"/Volumes/Code/Personal/AOC2023/target/criterion/reports/Solutions/Day 01_Part 01","iteration_count":[14,28,42,56,70,84,98,112,126,140,154,168,182,196,210,224,238,252,266,280,294,308,322,336,350,364,378,392,406,420,434,448,462,476,490,504,518,532,546,560,574,588,602,616,630,644,658,672,686,700,714,728,742,756,770,784,798,812,826,840,854,868,882,896,910,924,938,952,966,980,994,1008,1022,1036,1050,1064,1078,1092,1106,1120,1134,1148,1162,1176,1190,1204,1218,1232,1246,1260,1274,1288,1302,1316,1330,1344,1358,1372,1386,1400],"measured_values":[1186958.0,2337750.0,3333916.0,4422167.0,5513875.0,6980833.0,7718291.0,8853417.0,9943875.0,11048625.0,12132708.0,13318916.0,14345208.0,15443375.0,16628125.0,17761125.0,18574750.0,19046917.0,20051334.0,21054000.0,22111584.0,23127250.0,24199334.0,25344375.0,26368292.0,27313292.0,28539875.0,29528916.0,30424583.0,31452500.0,32544417.0,33563375.0,34605875.0,35706750.0,36663334.0,37750292.0,38826500.0,39741209.0,40826250.0,41769083.0,42884958.0,43813125.0,44926666.0,45913125.0,46902208.0,47950459.0,48971500.0,52664167.0,54132916.0,55312958.0,56207625.0,57255417.0,58334542.0,59387250.0,60478709.0,61579875.0,61616625.0,60840875.0,61633041.0,62658833.0,63776500.0,64728166.0,65863750.0,66771500.0,67772875.0,71396708.0,75613083.0,76484959.0,73523292.0,73241917.0,74210917.0,73117584.0,73338792.0,74384625.0,75337208.0,80348916.0,82094958.0,82134834.0,81202625.0,84932917.0,85641709.0,86701875.0,87790792.0,86692916.0,85676208.0,86593208.0,87512500.0,88414666.0,89450000.0,90258750.0,96495042.0,98408458.0,99286792.0,100318792.0,99026625.0,98765584.0,99901667.0,100769208.0,101762833.0,102627208.0],"unit":"ns","throughput":[],"typical":{"estimate":74715.23319386096,"lower_bound":74203.92987534715,"upper_bound":75268.37001586544,"unit":"ns"},"mean":{"estimate":75921.90788242711,"lower_bound":75419.92854867497,"upper_bound":76442.22392400003,"unit":"ns"},"median":{"estimate":75173.03416149068,"lower_bound":74902.93217893218,"upper_bound":75521.78924162258,"unit":"ns"},"median_abs_dev":{"estimate":1511.432343273764,"lower_bound":812.048277525704,"upper_bound":2988.4462673137186,"unit":"ns"},"slope":{"estimate":74715.23319386096,"lower_bound":74203.92987534715,"upper_bound":75268.37001586544,"unit":"ns"},"change":{"mean":{"estimate":-0.9961064116180859,"lower_bound":-0.9961300674303964,"upper_bound":-0.9960754168706124,"unit":"%"},"median":{"estimate":-0.9961347575310917,"lower_bound":-0.9961490977511461,"upper_bound":-0.9961161277803353,"unit":"%"},"change":"Improved"}}
{"reason":"benchmark-complete","id":"Solutions/Day 01/Part 02","report_directory":"/Volumes/Code/Personal/AOC2023/target/criterion/reports/Solutions/Day 01_Part 02","iteration_count":[1,1,1,1,1,1,1,1,1,1,1,1,1,1,1,1,1,1,1,1,1,1,1,1,1,1,1,1,1,1,1,1,1,1,1,1,1,1,1,1,1,1,1,1,1,1,1,1,1,1,1,1,1,1,1,1,1,1,1,1,1,1,1,1,1,1,1,1,1,1,1,1,1,1,1,1,1,1,1,1,1,1,1,1,1,1,1,1,1,1,1,1,1,1,1,1,1,1,1,1],"measured_values":[54759042.0,53987541.0,53989208.0,54169500.0,53791166.0,53756041.0,53724500.0,53774250.0,53711709.0,53747125.0,54547334.0,54133375.0,54029500.0,53994125.0,53943000.0,53961042.0,53992709.0,53968834.0,54075500.0,54036417.0,53974042.0,54073500.0,53981958.0,53981125.0,53909167.0,53922583.0,53897416.0,53923167.0,54160167.0,53779542.0,53710584.0,53709667.0,53735166.0,54060500.0,53719375.0,53765042.0,53775083.0,53713959.0,54111708.0,53858292.0,53800000.0,53761125.0,53766833.0,53715708.0,53767708.0,53748792.0,53775834.0,53751625.0,53747667.0,53730125.0,53718333.0,53798750.0,53740416.0,53728291.0,53698958.0,53729917.0,54448959.0,54077917.0,54121541.0,54060250.0,54047542.0,54065583.0,54058667.0,53913334.0,53929459.0,54069542.0,54043500.0,54271333.0,53962833.0,53894792.0,53894042.0,53869959.0,53850584.0,53887125.0,53899167.0,54312375.0,54059167.0,54008125.0,53874334.0,53924500.0,53879000.0,53924959.0,53956583.0,53922666.0,53861916.0,53885791.0,53854166.0,53894375.0,53896458.0,53843958.0,53824041.0,53883166.0,53869875.0,54157875.0,53967833.0,54003458.0,53919125.0,53902500.0,53886792.0,53939500.0],"unit":"ns","throughput":[],"typical":{"estimate":53926527.1,"lower_bound":53892817.30825,"upper_bound":53963435.41,"unit":"ns"},"mean":{"estimate":53926527.1,"lower_bound":53892817.30825,"upper_bound":53963435.41,"unit":"ns"},"median":{"estimate":53900833.5,"lower_bound":53882395.5,"upper_bound":53932229.5,"unit":"ns"},"median_abs_dev":{"estimate":182575.51505863667,"lower_bound":113848.81491377963,"upper_bound":211022.9020535946,"unit":"ns"},"slope":null,"change":{"mean":{"estimate":-0.011737246287500946,"lower_bound":-0.01259073916694057,"upper_bound":-0.010852871206513485,"unit":"%"},"median":{"estimate":-0.011371799735967025,"lower_bound":-0.0119457868390207,"upper_bound":-0.010575447713171218,"unit":"%"},"change":"Improved"}}
{"reason":"group-complete","group_name":"Solutions","benchmarks":["Solutions/Day 01/Part 01","Solutions/Day 01/Part 02"],"report_directory":"/Volumes/Code/Personal/AOC2023/target/criterion/reports/Solutions"}
