{"reason":"benchmark-complete","id":"Solutions/Day 02/Part 01","report_directory":"/Volumes/Code/Personal/AOC2023/target/criterion/reports/Solutions/Day 02_Part 01","iteration_count":[27,54,81,108,135,162,189,216,243,270,297,324,351,378,405,432,459,486,513,540,567,594,621,648,675,702,729,756,783,810,837,864,891,918,945,972,999,1026,1053,1080,1107,1134,1161,1188,1215,1242,1269,1296,1323,1350,1377,1404,1431,1458,1485,1512,1539,1566,1593,1620,1647,1674,1701,1728,1755,1782,1809,1836,1863,1890,1917,1944,1971,1998,2025,2052,2079,2106,2133,2160,2187,2214,2241,2268,2295,2322,2349,2376,2403,2430,2457,2484,2511,2538,2565,2592,2619,2646,2673,2700],"measured_values":[1061375.0,2056625.0,3049791.0,4256500.0,4978333.0,6085541.0,6961500.0,8036209.0,8992917.0,9985375.0,10983042.0,11954625.0,12941208.0,13922459.0,15331375.0,16118208.0,17032292.0,18486458.0,19487500.0,20441500.0,20928584.0,21786334.0,24967000.0,26439583.0,26131791.0,25856458.0,27219958.0,28379792.0,29677500.0,29731791.0,30833208.0,31738292.0,32780916.0,33776625.0,34816000.0,35762875.0,36727542.0,37735917.0,38649709.0,39651083.0,40625542.0,41627959.0,42646000.0,43636500.0,44862667.0,45609459.0,46567042.0,47558000.0,48509708.0,49822958.0,50720125.0,51476833.0,52502916.0,53555583.0,54809000.0,55482833.0,56448291.0,57550291.0,58442333.0,59492667.0,60434375.0,61355708.0,62553459.0,63466208.0,64371583.0,65481625.0,66412041.0,67526666.0,68502333.0,69383917.0,70291791.0,74857208.0,72366750.0,73269125.0,74217542.0,75257334.0,76179417.0,77585625.0,78287416.0,79161583.0,80496834.0,81175834.0,81835750.0,83148458.0,83912334.0,84919458.0,85874000.0,86858333.0,87840250.0,89723833.0,90100000.0,91022917.0,92332000.0,93050959.0,94558833.0,94960917.0,96022125.0,96972042.0,99946166.0,99857166.0],"unit":"ns","throughput":[],"typical":{"estimate":36782.0357543416,"lower_bound":36717.88696549361,"upper_bound":36865.905904791056,"unit":"ns"},"mean":{"estimate":37031.70044002089,"lower_bound":36898.80064644396,"upper_bound":37183.91437088969,"unit":"ns"},"median":{"estimate":36757.08642262952,"lower_bound":36715.75342465754,"upper_bound":36812.805633364456,"unit":"ns"},"median_abs_dev":{"estimate":137.1233528394907,"lower_bound":92.66552295407702,"upper_bound":199.97410659604603,"unit":"ns"},"slope":{"estimate":36782.0357543416,"lower_bound":36717.88696549361,"upper_bound":36865.905904791056,"unit":"ns"},"change":{"mean":{"estimate":-0.031322792243201336,"lower_bound":-0.03602407560431676,"upper_bound":-0.02650779306381553,"unit":"%"},"median":{"estimate":-0.03524186364716586,"lower_bound":-0.03700534874130135,"upper_bound":-0.03290017800109035,"unit":"%"},"change":"Improved"}}
{"reason":"benchmark-complete","id":"Solutions/Day 02/Part 02","report_directory":"/Volumes/Code/Personal/AOC2023/target/criterion/reports/Solutions/Day 02_Part 02","iteration_count":[27,54,81,108,135,162,189,216,243,270,297,324,351,378,405,432,459,486,513,540,567,594,621,648,675,702,729,756,783,810,837,864,891,918,945,972,999,1026,1053,1080,1107,1134,1161,1188,1215,1242,1269,1296,1323,1350,1377,1404,1431,1458,1485,1512,1539,1566,1593,1620,1647,1674,1701,1728,1755,1782,1809,1836,1863,1890,1917,1944,1971,1998,2025,2052,2079,2106,2133,2160,2187,2214,2241,2268,2295,2322,2349,2376,2403,2430,2457,2484,2511,2538,2565,2592,2619,2646,2673,2700],"measured_values":[1038750.0,2062708.0,2994417.0,4018417.0,4955958.0,6046750.0,6953458.0,7930750.0,8945416.0,9903333.0,10891458.0,11876208.0,12916959.0,13854959.0,14836333.0,15792333.0,16812917.0,17838500.0,20272334.0,22109583.0,22209083.0,22176584.0,24013084.0,24020291.0,24770000.0,25684167.0,26714459.0,27689167.0,28708000.0,29693750.0,30731166.0,31696958.0,32587791.0,33633000.0,34568500.0,35539750.0,36531041.0,37487125.0,38478250.0,39530125.0,40471084.0,41510042.0,42395958.0,43626667.0,44546958.0,45466125.0,46403167.0,47505792.0,48941916.0,49555583.0,50492500.0,51565292.0,52570167.0,53431584.0,54563875.0,55277209.0,56217000.0,57726250.0,58313667.0,59231916.0,60705458.0,61519708.0,62612750.0,63194666.0,64305500.0,65366041.0,66360292.0,67336292.0,68389917.0,69204042.0,70294041.0,71165375.0,72049916.0,73096000.0,74165083.0,75002791.0,76346250.0,77019584.0,77880458.0,79422125.0,79941334.0,80681958.0,81663541.0,82526833.0,83558792.0,85098792.0,85651958.0,86733667.0,88229875.0,88992167.0,89835458.0,90765750.0,91692250.0,92681250.0,93536834.0,94844083.0,96286750.0,96597167.0,97462750.0,98724791.0],"unit":"ns","throughput":[],"typical":{"estimate":36612.23088835252,"lower_bound":36581.08994961888,"upper_bound":36648.028420267,"unit":"ns"},"mean":{"estimate":36808.53406730904,"lower_bound":36694.89202151421,"upper_bound":36948.38414132108,"unit":"ns"},"median":{"estimate":36646.262688614544,"lower_bound":36607.70318930041,"upper_bound":36670.028982636824,"unit":"ns"},"median_abs_dev":{"estimate":120.59360475647006,"lower_bound":92.6279488758383,"upper_bound":149.6638017536002,"unit":"ns"},"slope":{"estimate":36612.23088835252,"lower_bound":36581.08994961888,"upper_bound":36648.028420267,"unit":"ns"},"change":{"mean":{"estimate":-0.047885031330825,"lower_bound":-0.05308069214259941,"upper_bound":-0.04306377371898262,"unit":"%"},"median":{"estimate":-0.04793783306788779,"lower_bound":-0.05450492394925022,"upper_bound":-0.039776413344310035,"unit":"%"},"change":"Improved"}}
{"reason":"group-complete","group_name":"Solutions","benchmarks":["Solutions/Day 07/Part 02 Disordered","Solutions/Day 07/Part 01 Disordered","Solutions/Day 01/Part 01","Solutions/Day 01/Part 02","Solutions/Day 02/Part 01","Solutions/Day 02/Part 02","Solutions/Day 03/Part 01","Solutions/Day 03/Part 02","Solutions/Day 04/Part 01","Solutions/Day 04/Part 02","Solutions/Day 05/Part 01","Solutions/Day 05/Part 02","Solutions/Day 06/Part 01","Solutions/Day 06/Part 02","Solutions/Day 07/Part 01","Solutions/Day 07/Part 02","Solutions/Day 08/Part 01","Solutions/Day 08/Part 02","Solutions/Day 09/Part 01","Solutions/Day 09/Part 02","Solutions/Day 10/Part 01","Solutions/Day 10/Part 02","Solutions/Day 11/Part 01","Solutions/Day 11/Part 02","Solutions/Day 12/Part 01","Solutions/Day 12/Part 02","Solutions/Day 13/Part 01","Solutions/Day 13/Part 02"],"report_directory":"/Volumes/Code/Personal/AOC2023/target/criterion/reports/Solutions"}
