{"reason":"benchmark-complete","id":"Solutions/Day 07/Part 01","report_directory":"/Volumes/Code/Personal/AOC2023/target/criterion/reports/Solutions/Day 07_Part 01","iteration_count":[4,8,12,16,20,24,28,32,36,40,44,48,52,56,60,64,68,72,76,80,84,88,92,96,100,104,108,112,116,120,124,128,132,136,140,144,148,152,156,160,164,168,172,176,180,184,188,192,196,200,204,208,212,216,220,224,228,232,236,240,244,248,252,256,260,264,268,272,276,280,284,288,292,296,300,304,308,312,316,320,324,328,332,336,340,344,348,352,356,360,364,368,372,376,380,384,388,392,396,400],"measured_values":[1088958.0,2076833.0,3429375.0,6970750.0,5491709.0,6536416.0,7787875.0,8786458.0,9813833.0,10853334.0,12154083.0,13245208.0,15222875.0,15111875.0,16710458.0,17070875.0,18617833.0,19787125.0,21193083.0,23442833.0,23428209.0,28409625.0,24998458.0,26733750.0,27758708.0,28828208.0,30281875.0,30911208.0,32392875.0,34940583.0,34109584.0,35795875.0,36303875.0,37728167.0,38289583.0,39790334.0,40431000.0,42236084.0,44049875.0,44673042.0,45293084.0,46335458.0,48723917.0,48300458.0,50277000.0,51203291.0,51284833.0,52719750.0,54498459.0,55117500.0,56832708.0,57412208.0,58695125.0,58611750.0,64811041.0,63756208.0,66860250.0,65333708.0,65848833.0,66211250.0,67392208.0,68916084.0,69973584.0,71225917.0,71370917.0,72423292.0,73190375.0,75694166.0,78730250.0,77620500.0,79218792.0,79015333.0,84010375.0,88934583.0,84756250.0,84509916.0,85374042.0,85462542.0,86622000.0,88015625.0,89053834.0,91758417.0,90963125.0,91850709.0,92856375.0,94527750.0,94658250.0,99214708.0,99087708.0,104309292.0,101070250.0,115887042.0,102757084.0,103295834.0,107592750.0,105159792.0,108843167.0,108496750.0,107893167.0,109188916.0],"unit":"ns","throughput":[],"typical":{"estimate":278942.87771760015,"lower_bound":276989.3821151452,"upper_bound":281486.8457686568,"unit":"ns"},"mean":{"estimate":280106.49048648815,"lower_bound":277337.7737100569,"upper_bound":284081.1705180021,"unit":"ns"},"median":{"estimate":277026.1226108797,"lower_bound":275936.56845238095,"upper_bound":277993.1447368421,"unit":"ns"},"median_abs_dev":{"estimate":3791.228924550995,"lower_bound":3015.4403956839815,"upper_bound":5249.513209302496,"unit":"ns"},"slope":{"estimate":278942.87771760015,"lower_bound":276989.3821151452,"upper_bound":281486.8457686568,"unit":"ns"},"change":{"mean":{"estimate":-0.17362630859760375,"lower_bound":-0.18196336409346794,"upper_bound":-0.15903925867094337,"unit":"%"},"median":{"estimate":-0.18020468083773677,"lower_bound":-0.18378528956638462,"upper_bound":-0.1769940162141309,"unit":"%"},"change":"Improved"}}
{"reason":"benchmark-complete","id":"Solutions/Day 07/Part 02","report_directory":"/Volumes/Code/Personal/AOC2023/target/criterion/reports/Solutions/Day 07_Part 02","iteration_count":[4,8,12,16,20,24,28,32,36,40,44,48,52,56,60,64,68,72,76,80,84,88,92,96,100,104,108,112,116,120,124,128,132,136,140,144,148,152,156,160,164,168,172,176,180,184,188,192,196,200,204,208,212,216,220,224,228,232,236,240,244,248,252,256,260,264,268,272,276,280,284,288,292,296,300,304,308,312,316,320,324,328,332,336,340,344,348,352,356,360,364,368,372,376,380,384,388,392,396,400],"measured_values":[1193458.0,2265666.0,3269708.0,4343125.0,5752083.0,6985667.0,7889750.0,9145583.0,10075375.0,11325667.0,12203625.0,12703667.0,14225167.0,15288666.0,16691500.0,17691750.0,18595750.0,20147208.0,21233583.0,25470208.0,23421708.0,24451000.0,26183208.0,26581500.0,38578083.0,28849958.0,29649166.0,31317500.0,32206792.0,33508292.0,34614625.0,35169042.0,37181791.0,38184750.0,38237125.0,40932292.0,54541792.0,43789500.0,43908792.0,44718084.0,45618625.0,47343083.0,50292083.0,54008333.0,49476416.0,50603084.0,53484542.0,58798000.0,54893041.0,56238125.0,57655583.0,57877208.0,60113625.0,60345667.0,62845208.0,62720292.0,63754417.0,64004750.0,67162125.0,67471167.0,68332542.0,68767625.0,69835417.0,78769292.0,78447875.0,73614625.0,74700417.0,76036292.0,77194500.0,77389875.0,80303833.0,80685791.0,82639542.0,83327708.0,84506250.0,83805708.0,87794083.0,87891792.0,87690833.0,88731167.0,89729917.0,91437375.0,91467333.0,94779750.0,104144666.0,98734292.0,96994708.0,97674000.0,100688292.0,99971667.0,102356459.0,101925792.0,102711084.0,104470667.0,104738709.0,109651000.0,108351584.0,112472084.0,112784292.0,111201625.0],"unit":"ns","throughput":[],"typical":{"estimate":282177.7759509384,"lower_bound":280456.8209912431,"upper_bound":284227.6161928844,"unit":"ns"},"mean":{"estimate":283535.9917343159,"lower_bound":280813.2999068178,"upper_bound":286929.89981546253,"unit":"ns"},"median":{"estimate":279657.4266781083,"lower_bound":278843.2765151515,"upper_bound":281190.625,"unit":"ns"},"median_abs_dev":{"estimate":4062.3536426014034,"lower_bound":3193.1357939355594,"upper_bound":5551.016684208293,"unit":"ns"},"slope":{"estimate":282177.7759509384,"lower_bound":280456.8209912431,"upper_bound":284227.6161928844,"unit":"ns"},"change":{"mean":{"estimate":-0.19746096041241634,"lower_bound":-0.21164069103634234,"upper_bound":-0.18435634249070815,"unit":"%"},"median":{"estimate":-0.19646174483968082,"lower_bound":-0.2001390450210997,"upper_bound":-0.19165665775243457,"unit":"%"},"change":"Improved"}}
{"reason":"group-complete","group_name":"Solutions","benchmarks":["Solutions/Day 07/Part 02 Disordered","Solutions/Day 07/Part 01 Disordered","Solutions/Day 01/Part 01","Solutions/Day 01/Part 02","Solutions/Day 02/Part 01","Solutions/Day 02/Part 02","Solutions/Day 03/Part 01","Solutions/Day 03/Part 02","Solutions/Day 04/Part 01","Solutions/Day 04/Part 02","Solutions/Day 05/Part 01","Solutions/Day 05/Part 02","Solutions/Day 06/Part 01","Solutions/Day 06/Part 02","Solutions/Day 07/Part 01","Solutions/Day 07/Part 02","Solutions/Day 08/Part 01","Solutions/Day 08/Part 02","Solutions/Day 09/Part 01","Solutions/Day 09/Part 02"],"report_directory":"/Volumes/Code/Personal/AOC2023/target/criterion/reports/Solutions"}
