{"reason":"benchmark-complete","id":"Solutions/Day 13/Part 01","report_directory":"/Volumes/Code/Personal/AOC2023/target/criterion/reports/Solutions/Day 13_Part 01","iteration_count":[3,6,9,12,15,18,21,24,27,30,33,36,39,42,45,48,51,54,57,60,63,66,69,72,75,78,81,84,87,90,93,96,99,102,105,108,111,114,117,120,123,126,129,132,135,138,141,144,147,150,153,156,159,162,165,168,171,174,177,180,183,186,189,192,195,198,201,204,207,210,213,216,219,222,225,228,231,234,237,240,243,246,249,252,255,258,261,264,267,270,273,276,279,282,285,288,291,294,297,300],"measured_values":[1417416.0,2969542.0,4470792.0,5864167.0,7204542.0,8564875.0,10281334.0,11429583.0,12617333.0,14588291.0,15691542.0,17592667.0,18665917.0,20257750.0,21976209.0,22902875.0,24580625.0,25841125.0,27077000.0,28417334.0,30107750.0,31670042.0,33297625.0,34273333.0,36374708.0,37110791.0,39352166.0,40782958.0,47811584.0,44333292.0,44995375.0,50395500.0,48090208.0,48864250.0,50425041.0,52278375.0,53612375.0,54831833.0,56420000.0,57658708.0,58838000.0,60618083.0,61234459.0,63363375.0,64731458.0,64576291.0,67944917.0,69245292.0,70814833.0,72112459.0,73727041.0,75431292.0,76328042.0,77071792.0,79077833.0,80524750.0,82955750.0,84270833.0,84476833.0,86731750.0,87298375.0,88967333.0,91456625.0,92670000.0,94124167.0,93625000.0,96761166.0,98213584.0,98930500.0,101109625.0,101762458.0,104197666.0,107328916.0,105310584.0,107967042.0,109057250.0,109846125.0,112036416.0,113613750.0,115268042.0,116633292.0,118398833.0,119203834.0,121924750.0,122238083.0,123748416.0,124542291.0,126904583.0,137572250.0,132252875.0,131652625.0,132927584.0,135295250.0,135618166.0,135631917.0,139362917.0,141092208.0,141373792.0,142626625.0,145602292.0],"unit":"ns","throughput":[],"typical":{"estimate":482000.2529855672,"lower_bound":480431.40346062795,"upper_bound":484075.1933175384,"unit":"ns"},"mean":{"estimate":482415.61953391554,"lower_bound":480670.9998581925,"upper_bound":484560.62167606293,"unit":"ns"},"median":{"estimate":480866.6607142857,"lower_bound":480011.4868390403,"upper_bound":481733.55782312923,"unit":"ns"},"median_abs_dev":{"estimate":4157.805074121765,"lower_bound":2830.567932190065,"upper_bound":5267.215832319978,"unit":"ns"},"slope":{"estimate":482000.2529855672,"lower_bound":480431.40346062795,"upper_bound":484075.1933175384,"unit":"ns"},"change":{"mean":{"estimate":-0.5834479169407489,"lower_bound":-0.5857276051714999,"upper_bound":-0.5812029690022845,"unit":"%"},"median":{"estimate":-0.5812735872525681,"lower_bound":-0.5821230161727062,"upper_bound":-0.5805080020644846,"unit":"%"},"change":"Improved"}}
{"reason":"benchmark-complete","id":"Solutions/Day 13/Part 02","report_directory":"/Volumes/Code/Personal/AOC2023/target/criterion/reports/Solutions/Day 13_Part 02","iteration_count":[3,6,9,12,15,18,21,24,27,30,33,36,39,42,45,48,51,54,57,60,63,66,69,72,75,78,81,84,87,90,93,96,99,102,105,108,111,114,117,120,123,126,129,132,135,138,141,144,147,150,153,156,159,162,165,168,171,174,177,180,183,186,189,192,195,198,201,204,207,210,213,216,219,222,225,228,231,234,237,240,243,246,249,252,255,258,261,264,267,270,273,276,279,282,285,288,291,294,297,300],"measured_values":[1602459.0,2895167.0,4668791.0,6626292.0,7023417.0,8608625.0,10237250.0,11234500.0,13313958.0,14675458.0,16043875.0,17387333.0,19115917.0,20911917.0,21337625.0,23119417.0,24651333.0,25453250.0,30365375.0,28749292.0,30397083.0,31484833.0,32699083.0,35395917.0,36912209.0,37659750.0,38700375.0,39891458.0,42236041.0,43056208.0,49782541.0,46406833.0,47088541.0,49007708.0,50281333.0,52487167.0,52742542.0,54305791.0,55153125.0,58176708.0,58660875.0,60884500.0,63793542.0,64312292.0,65109000.0,65969750.0,67313000.0,69517667.0,76825584.0,72310125.0,74729167.0,74861958.0,76209083.0,77707709.0,79433167.0,80866750.0,82358334.0,84821208.0,86925750.0,86955459.0,94870750.0,88928125.0,90688167.0,93158125.0,93602833.0,95540208.0,96887458.0,98531834.0,99766000.0,100422750.0,102872000.0,113640792.0,105729584.0,121064917.0,118064541.0,111093875.0,127233291.0,113056083.0,117594375.0,120823000.0,117922333.0,117687500.0,120986958.0,120712750.0,122390667.0,127985500.0,126011917.0,132865625.0,128922334.0,129001834.0,130878667.0,131923459.0,134637083.0,135822500.0,137151875.0,145382084.0,140271833.0,140666792.0,144460666.0,144966583.0],"unit":"ns","throughput":[],"typical":{"estimate":488485.48811684153,"lower_bound":484839.1748844309,"upper_bound":492794.66100244067,"unit":"ns"},"mean":{"estimate":488371.2470797,"lower_bound":485159.43308195594,"upper_bound":491935.4470760319,"unit":"ns"},"median":{"estimate":482772.5324866819,"lower_bound":481840.83753109456,"upper_bound":483210.31746031746,"unit":"ns"},"median_abs_dev":{"estimate":6477.688566988347,"lower_bound":4667.161385411928,"upper_bound":7476.938714512323,"unit":"ns"},"slope":{"estimate":488485.48811684153,"lower_bound":484839.1748844309,"upper_bound":492794.66100244067,"unit":"ns"},"change":{"mean":{"estimate":-0.6051368524676596,"lower_bound":-0.6080080615627947,"upper_bound":-0.6022809722776852,"unit":"%"},"median":{"estimate":-0.6074697244006315,"lower_bound":-0.6088113923846148,"upper_bound":-0.6065158491855496,"unit":"%"},"change":"Improved"}}
{"reason":"group-complete","group_name":"Solutions","benchmarks":["Solutions/Day 07/Part 02 Disordered","Solutions/Day 07/Part 01 Disordered","Solutions/Day 01/Part 01","Solutions/Day 01/Part 02","Solutions/Day 02/Part 01","Solutions/Day 02/Part 02","Solutions/Day 03/Part 01","Solutions/Day 03/Part 02","Solutions/Day 04/Part 01","Solutions/Day 04/Part 02","Solutions/Day 05/Part 01","Solutions/Day 05/Part 02","Solutions/Day 06/Part 01","Solutions/Day 06/Part 02","Solutions/Day 07/Part 01","Solutions/Day 07/Part 02","Solutions/Day 08/Part 01","Solutions/Day 08/Part 02","Solutions/Day 09/Part 01","Solutions/Day 09/Part 02","Solutions/Day 10/Part 01","Solutions/Day 10/Part 02","Solutions/Day 11/Part 01","Solutions/Day 11/Part 02","Solutions/Day 12/Part 01","Solutions/Day 12/Part 02","Solutions/Day 13/Part 01","Solutions/Day 13/Part 02"],"report_directory":"/Volumes/Code/Personal/AOC2023/target/criterion/reports/Solutions"}
