{"reason":"benchmark-complete","id":"Solutions/Day 07/Part 01","report_directory":"/Volumes/Code/Personal/AOC2023/target/criterion/reports/Solutions/Day 07_Part 01","iteration_count":[4,8,12,16,20,24,28,32,36,40,44,48,52,56,60,64,68,72,76,80,84,88,92,96,100,104,108,112,116,120,124,128,132,136,140,144,148,152,156,160,164,168,172,176,180,184,188,192,196,200,204,208,212,216,220,224,228,232,236,240,244,248,252,256,260,264,268,272,276,280,284,288,292,296,300,304,308,312,316,320,324,328,332,336,340,344,348,352,356,360,364,368,372,376,380,384,388,392,396,400],"measured_values":[1431875.0,2482292.0,3629917.0,4900375.0,6046666.0,7675666.0,8484167.0,9666000.0,10911250.0,12141375.0,13276291.0,14561000.0,15792250.0,16999958.0,18138041.0,19329500.0,20638500.0,21715167.0,23071709.0,24268417.0,25322625.0,26566584.0,27996833.0,29147459.0,30327459.0,31720666.0,32353666.0,33603542.0,34592958.0,35885333.0,37809917.0,38646625.0,39575750.0,40588709.0,42329208.0,43519958.0,45198250.0,45567833.0,46509709.0,48121250.0,49851166.0,50508792.0,51938250.0,53173792.0,54048000.0,55325667.0,58922125.0,59164042.0,59312958.0,60661166.0,61519208.0,64121583.0,63985583.0,65106250.0,66317833.0,66857917.0,68177708.0,70355541.0,71413875.0,71933750.0,73145833.0,77656334.0,76238375.0,77332375.0,78869250.0,79468250.0,80455834.0,81428291.0,82284916.0,83338708.0,84687250.0,87569000.0,86999083.0,88101833.0,89114250.0,90403750.0,91541708.0,92673666.0,93789458.0,96040792.0,96732375.0,97736791.0,99754167.0,101088500.0,103991208.0,103978125.0,105642000.0,105942709.0,107939625.0,108061584.0,109810875.0,111031334.0,111589375.0,114641167.0,114168500.0,115059667.0,116628042.0,121231375.0,118385209.0,121827875.0],"unit":"ns","throughput":[],"typical":{"estimate":301302.8150716713,"lower_bound":300513.4457447042,"upper_bound":302164.04792191135,"unit":"ns"},"mean":{"estimate":302607.9266678278,"lower_bound":301532.5322907809,"upper_bound":304055.6462169385,"unit":"ns"},"median":{"estimate":301855.8938679245,"lower_bound":301016.0984848485,"upper_bound":302300.68333333335,"unit":"ns"},"median_abs_dev":{"estimate":2545.631016747453,"lower_bound":2085.440830194718,"upper_bound":3216.3876374467386,"unit":"ns"},"slope":{"estimate":301302.8150716713,"lower_bound":300513.4457447042,"upper_bound":302164.04792191135,"unit":"ns"},"change":{"mean":{"estimate":-0.1993932029379638,"lower_bound":-0.204051325031762,"upper_bound":-0.19449348699786856,"unit":"%"},"median":{"estimate":-0.19719085509273182,"lower_bound":-0.20016657423820677,"upper_bound":-0.19507716206327172,"unit":"%"},"change":"Improved"}}
{"reason":"benchmark-complete","id":"Solutions/Day 07/Part 02","report_directory":"/Volumes/Code/Personal/AOC2023/target/criterion/reports/Solutions/Day 07_Part 02","iteration_count":[4,8,12,16,20,24,28,32,36,40,44,48,52,56,60,64,68,72,76,80,84,88,92,96,100,104,108,112,116,120,124,128,132,136,140,144,148,152,156,160,164,168,172,176,180,184,188,192,196,200,204,208,212,216,220,224,228,232,236,240,244,248,252,256,260,264,268,272,276,280,284,288,292,296,300,304,308,312,316,320,324,328,332,336,340,344,348,352,356,360,364,368,372,376,380,384,388,392,396,400],"measured_values":[1303500.0,2428042.0,3695334.0,5033417.0,6172625.0,7314333.0,8482833.0,9744041.0,10896792.0,12084959.0,13365000.0,14587791.0,15766375.0,16941834.0,18169542.0,19652875.0,21738166.0,22318458.0,23255125.0,24246791.0,25493083.0,27321125.0,29690750.0,30376125.0,31394792.0,32987750.0,33549167.0,35215834.0,35818958.0,37583583.0,38493167.0,39608375.0,40575709.0,41787334.0,43336208.0,44632791.0,45606417.0,47336417.0,48129417.0,49426917.0,50596625.0,51393834.0,53238375.0,56064667.0,55612750.0,58376458.0,58362459.0,59023375.0,61014583.0,62090041.0,63073958.0,65281458.0,66321458.0,66528708.0,68974208.0,69474000.0,68834792.0,69734083.0,72564125.0,72785791.0,73417875.0,74910458.0,75879291.0,77204833.0,78137792.0,79359834.0,80233542.0,81698833.0,82737459.0,83593667.0,84667667.0,85813792.0,86916500.0,89757958.0,90310209.0,91174750.0,92712125.0,93739958.0,94539916.0,95813958.0,97129209.0,98403334.0,99646083.0,100853375.0,104022208.0,104809500.0,104571792.0,107549708.0,111468167.0,109302167.0,109907917.0,111953250.0,114477542.0,113786584.0,115456500.0,115781041.0,116761833.0,117891083.0,119270958.0,120263709.0],"unit":"ns","throughput":[],"typical":{"estimate":303479.78699867,"lower_bound":302575.8073573282,"upper_bound":304542.1611041642,"unit":"ns"},"mean":{"estimate":306127.47449010867,"lower_bound":305013.5709042284,"upper_bound":307291.99584916874,"unit":"ns"},"median":{"estimate":304590.0301598837,"lower_bound":303236.3445945946,"upper_bound":307433.4203903441,"unit":"ns"},"median_abs_dev":{"estimate":5969.915657374897,"lower_bound":4446.847122702142,"upper_bound":7360.616611147424,"unit":"ns"},"slope":{"estimate":303479.78699867,"lower_bound":302575.8073573282,"upper_bound":304542.1611041642,"unit":"ns"},"change":{"mean":{"estimate":-0.2073777864498909,"lower_bound":-0.21185429872088074,"upper_bound":-0.20269985807786653,"unit":"%"},"median":{"estimate":-0.20486993224713945,"lower_bound":-0.2120228317007372,"upper_bound":-0.19667805745085076,"unit":"%"},"change":"Improved"}}
{"reason":"group-complete","group_name":"Solutions","benchmarks":["Solutions/Day 07/Part 02 Disordered","Solutions/Day 07/Part 01 Disordered","Solutions/Day 01/Part 01","Solutions/Day 01/Part 02","Solutions/Day 02/Part 01","Solutions/Day 02/Part 02","Solutions/Day 03/Part 01","Solutions/Day 03/Part 02","Solutions/Day 04/Part 01","Solutions/Day 04/Part 02","Solutions/Day 05/Part 01","Solutions/Day 05/Part 02","Solutions/Day 06/Part 01","Solutions/Day 06/Part 02","Solutions/Day 07/Part 01","Solutions/Day 07/Part 02"],"report_directory":"/Volumes/Code/Personal/AOC2023/target/criterion/reports/Solutions"}
