{"reason":"benchmark-complete","id":"Solutions/Day 08/Part 01","report_directory":"/Volumes/Code/Personal/AOC2023/target/criterion/reports/Solutions/Day 08_Part 01","iteration_count":[2,4,6,8,10,12,14,16,18,20,22,24,26,28,30,32,34,36,38,40,42,44,46,48,50,52,54,56,58,60,62,64,66,68,70,72,74,76,78,80,82,84,86,88,90,92,94,96,98,100,102,104,106,108,110,112,114,116,118,120,122,124,126,128,130,132,134,136,138,140,142,144,146,148,150,152,154,156,158,160,162,164,166,168,170,172,174,176,178,180,182,184,186,188,190,192,194,196,198,200],"measured_values":[1571542.0,2999458.0,4484208.0,5947541.0,7615500.0,9195625.0,10506250.0,11910500.0,13482542.0,14934834.0,16428834.0,17930292.0,19456250.0,20906167.0,22367833.0,24057542.0,25314625.0,26842708.0,28857458.0,29925291.0,31349292.0,32733917.0,34391125.0,35863250.0,37298333.0,39061084.0,40414583.0,41861416.0,43235333.0,46505292.0,48167625.0,49738500.0,49804166.0,50652375.0,52091916.0,53624042.0,55230750.0,56701125.0,58245125.0,59700000.0,61451917.0,62695375.0,64259667.0,65877000.0,67132708.0,69023000.0,70257000.0,71706625.0,73412250.0,74977708.0,76340541.0,77653833.0,81105667.0,80613625.0,82084375.0,83598292.0,85104000.0,87737209.0,88314417.0,89353875.0,91809416.0,92545542.0,94003083.0,95701416.0,97201125.0,98730542.0,100182875.0,101671333.0,104421167.0,104642625.0,106064875.0,107259333.0,108755791.0,110180083.0,111656625.0,114013666.0,114843791.0,118374250.0,119588666.0,120223417.0,120699916.0,121852417.0,123507375.0,124891083.0,126336625.0,128442042.0,130378250.0,135634584.0,132636500.0,134011292.0,135825292.0,137304000.0,138606500.0,140913667.0,141649084.0,143326750.0,144711209.0,146093792.0,147480583.0,150604041.0],"unit":"ns","throughput":[],"typical":{"estimate":748256.1449889168,"lower_bound":746988.718657458,"upper_bound":749823.7932498094,"unit":"ns"},"mean":{"estimate":749512.7641801945,"lower_bound":748120.6816582435,"upper_bound":751102.7307922187,"unit":"ns"},"median":{"estimate":746850.4606274008,"lower_bound":746413.3214285715,"upper_bound":747583.3308823529,"unit":"ns"},"median_abs_dev":{"estimate":2487.6606420775665,"lower_bound":1750.8553563869077,"upper_bound":3431.797745891467,"unit":"ns"},"slope":{"estimate":748256.1449889168,"lower_bound":746988.718657458,"upper_bound":749823.7932498094,"unit":"ns"},"change":{"mean":{"estimate":-0.013174142462119565,"lower_bound":-0.01924403287665114,"upper_bound":-0.007413064887981041,"unit":"%"},"median":{"estimate":-0.0002451838572181675,"lower_bound":-0.0042103507071797885,"upper_bound":0.001675944334691648,"unit":"%"},"change":"NoChange"}}
{"reason":"benchmark-complete","id":"Solutions/Day 08/Part 02","report_directory":"/Volumes/Code/Personal/AOC2023/target/criterion/reports/Solutions/Day 08_Part 02","iteration_count":[12,12,12,12,12,12,12,12,12,12,12,12,12,12,12,12,12,12,12,12,12,12,12,12,12,12,12,12,12,12,12,12,12,12,12,12,12,12,12,12,12,12,12,12,12,12,12,12,12,12,12,12,12,12,12,12,12,12,12,12,12,12,12,12,12,12,12,12,12,12,12,12,12,12,12,12,12,12,12,12,12,12,12,12,12,12,12,12,12,12,12,12,12,12,12,12,12,12,12,12],"measured_values":[54181250.0,52809250.0,52690667.0,52772209.0,52855792.0,52795917.0,52886625.0,52723458.0,52852750.0,52806542.0,53730500.0,53161542.0,52889875.0,52886833.0,52796084.0,52898292.0,52775542.0,52784625.0,53060083.0,52808625.0,52773041.0,52795083.0,52779167.0,52826042.0,52787500.0,52708208.0,52730500.0,52976458.0,52670708.0,52825209.0,53003292.0,52852917.0,52876750.0,52924625.0,52695958.0,52965458.0,52781666.0,52983542.0,54690375.0,54221625.0,53093500.0,52690250.0,52826375.0,52696584.0,52679792.0,52721958.0,52738334.0,52930292.0,52659208.0,52837875.0,52931875.0,52789542.0,52880167.0,52746583.0,52846584.0,53040375.0,53485459.0,52730042.0,53532500.0,52881416.0,52712833.0,53525125.0,55669292.0,52793417.0,53205875.0,53752750.0,53205958.0,52861416.0,52741458.0,53435500.0,52977625.0,53840375.0,53093750.0,52843541.0,52816083.0,53383375.0,52839000.0,52914416.0,52715875.0,52854209.0,52790208.0,52995333.0,52800834.0,52912542.0,52902500.0,52914667.0,52663667.0,52791709.0,53982167.0,53110958.0,53155917.0,52925166.0,52951833.0,52739541.0,53150250.0,52823334.0,52828125.0,53606125.0,54496875.0,54159542.0],"unit":"ns","throughput":[],"typical":{"estimate":4419713.718333333,"lower_bound":4412330.132208335,"upper_bound":4428169.817604167,"unit":"ns"},"mean":{"estimate":4419713.718333333,"lower_bound":4412330.132208335,"upper_bound":4428169.817604167,"unit":"ns"},"median":{"estimate":4404583.375,"lower_bound":4402149.333333334,"upper_bound":4408784.75,"unit":"ns"},"median_abs_dev":{"estimate":13521.002884954674,"lower_bound":8715.400625895289,"upper_bound":18455.34269735171,"unit":"ns"},"slope":null,"change":{"mean":{"estimate":-0.0012380809896972433,"lower_bound":-0.004048784288012266,"upper_bound":0.0015945023886200956,"unit":"%"},"median":{"estimate":-0.0004983609109330267,"lower_bound":-0.0013514918390686859,"upper_bound":0.0006340643361273379,"unit":"%"},"change":"NoChange"}}
{"reason":"group-complete","group_name":"Solutions","benchmarks":["Solutions/Day 07/Part 02 Disordered","Solutions/Day 07/Part 01 Disordered","Solutions/Day 01/Part 01","Solutions/Day 01/Part 02","Solutions/Day 02/Part 01","Solutions/Day 02/Part 02","Solutions/Day 03/Part 01","Solutions/Day 03/Part 02","Solutions/Day 04/Part 01","Solutions/Day 04/Part 02","Solutions/Day 05/Part 01","Solutions/Day 05/Part 02","Solutions/Day 06/Part 01","Solutions/Day 06/Part 02","Solutions/Day 07/Part 01","Solutions/Day 07/Part 02","Solutions/Day 08/Part 01","Solutions/Day 08/Part 02"],"report_directory":"/Volumes/Code/Personal/AOC2023/target/criterion/reports/Solutions"}
