{"reason":"benchmark-complete","id":"Solutions/Day 02/Part 01","report_directory":"/Volumes/Code/Personal/AOC2023/target/criterion/reports/Solutions/Day 02_Part 01","iteration_count":[22,44,66,88,110,132,154,176,198,220,242,264,286,308,330,352,374,396,418,440,462,484,506,528,550,572,594,616,638,660,682,704,726,748,770,792,814,836,858,880,902,924,946,968,990,1012,1034,1056,1078,1100,1122,1144,1166,1188,1210,1232,1254,1276,1298,1320,1342,1364,1386,1408,1430,1452,1474,1496,1518,1540,1562,1584,1606,1628,1650,1672,1694,1716,1738,1760,1782,1804,1826,1848,1870,1892,1914,1936,1958,1980,2002,2024,2046,2068,2090,2112,2134,2156,2178,2200],"measured_values":[1153708.0,2038250.0,3041750.0,4150916.0,5134250.0,6549459.0,7157333.0,8257292.0,9295834.0,10204625.0,11187625.0,12205375.0,14323750.0,15135084.0,16170000.0,16856916.0,17654917.0,18560875.0,19244625.0,20149292.0,21154250.0,22390708.0,23203375.0,24118666.0,25190500.0,26152875.0,27148667.0,28469708.0,29500291.0,30810000.0,32723250.0,32660458.0,33872125.0,34573958.0,35352208.0,36143417.0,37008125.0,38019166.0,39083417.0,40136000.0,40986833.0,42335125.0,43118083.0,44074583.0,45445334.0,45866667.0,46985833.0,47986333.0,49386042.0,50618334.0,51755292.0,52863375.0,54483083.0,55188250.0,55497083.0,55977041.0,56972291.0,58262500.0,58998958.0,59924333.0,61810375.0,62143666.0,64584791.0,69171584.0,67243709.0,66186000.0,67099500.0,68408292.0,69307417.0,70329958.0,71261416.0,71928542.0,73024875.0,73940250.0,74878458.0,76223166.0,77109208.0,78084000.0,78917583.0,80123583.0,80981334.0,82130958.0,83484875.0,84130584.0,84936083.0,85991000.0,87125084.0,89538708.0,89070041.0,90202375.0,90997083.0,91823041.0,92916500.0,94008000.0,94953375.0,95970542.0,97172292.0,98106792.0,99210417.0,99950292.0],"unit":"ns","throughput":[],"typical":{"estimate":45681.6474473716,"lower_bound":45588.15082564679,"upper_bound":45810.497639332054,"unit":"ns"},"mean":{"estimate":46133.06190835053,"lower_bound":45928.12678275936,"upper_bound":46369.84467667715,"unit":"ns"},"median":{"estimate":45692.05913299663,"lower_bound":45571.25853105838,"upper_bound":45856.47233201581,"unit":"ns"},"median_abs_dev":{"estimate":376.77347959295565,"lower_bound":218.19964751069466,"upper_bound":584.3313100547659,"unit":"ns"},"slope":{"estimate":45681.6474473716,"lower_bound":45588.15082564679,"upper_bound":45810.497639332054,"unit":"ns"},"change":{"mean":{"estimate":-0.008324817484900882,"lower_bound":-0.014212807783583803,"upper_bound":-0.002038462158042293,"unit":"%"},"median":{"estimate":-0.012458674070288334,"lower_bound":-0.016612146724797827,"upper_bound":-0.00812783515018578,"unit":"%"},"change":"NoChange"}}
{"reason":"benchmark-complete","id":"Solutions/Day 02/Part 02","report_directory":"/Volumes/Code/Personal/AOC2023/target/criterion/reports/Solutions/Day 02_Part 02","iteration_count":[22,44,66,88,110,132,154,176,198,220,242,264,286,308,330,352,374,396,418,440,462,484,506,528,550,572,594,616,638,660,682,704,726,748,770,792,814,836,858,880,902,924,946,968,990,1012,1034,1056,1078,1100,1122,1144,1166,1188,1210,1232,1254,1276,1298,1320,1342,1364,1386,1408,1430,1452,1474,1496,1518,1540,1562,1584,1606,1628,1650,1672,1694,1716,1738,1760,1782,1804,1826,1848,1870,1892,1914,1936,1958,1980,2002,2024,2046,2068,2090,2112,2134,2156,2178,2200],"measured_values":[1055500.0,2392166.0,3070834.0,4051417.0,5158042.0,6114833.0,7442709.0,9324292.0,9183334.0,10058708.0,11075958.0,12069916.0,13167250.0,14149458.0,15151833.0,16125208.0,17165625.0,18118417.0,19157375.0,20109917.0,21120125.0,22097750.0,23151625.0,24502125.0,25255916.0,26297833.0,27334709.0,28144292.0,29233667.0,30200750.0,31200083.0,32347250.0,33188750.0,34204250.0,35178750.0,36112416.0,37169666.0,38078125.0,39149500.0,40217375.0,41185416.0,42074583.0,43226458.0,44194750.0,45471166.0,46415416.0,47157916.0,48329416.0,49361000.0,50550042.0,51350750.0,52432500.0,53254708.0,54230708.0,55304875.0,56297541.0,57216375.0,58243583.0,59111166.0,60175625.0,61230791.0,62227250.0,63424375.0,64372000.0,65306250.0,66329542.0,68769958.0,71543292.0,69467625.0,70459959.0,71382667.0,73920583.0,73460583.0,74361167.0,75393958.0,76373750.0,77405750.0,79760167.0,80867667.0,80416917.0,81779916.0,82533458.0,83750667.0,91737916.0,86253958.0,86952042.0,87943833.0,88809083.0,89680041.0,91425166.0,95291500.0,94776334.0,94088750.0,95122042.0,95975167.0,96935125.0,97930542.0,99839542.0,103436000.0,100626708.0],"unit":"ns","throughput":[],"typical":{"estimate":46096.658732485186,"lower_bound":45911.76016586577,"upper_bound":46316.636606674125,"unit":"ns"},"mean":{"estimate":46160.79508337361,"lower_bound":45946.07840291704,"upper_bound":46432.24006648251,"unit":"ns"},"median":{"estimate":45767.7891751742,"lower_bound":45745.794125687215,"upper_bound":45877.81816144411,"unit":"ns"},"median_abs_dev":{"estimate":181.73675428330452,"lower_bound":127.87310979699902,"upper_bound":264.331087547208,"unit":"ns"},"slope":{"estimate":46096.658732485186,"lower_bound":45911.76016586577,"upper_bound":46316.636606674125,"unit":"ns"},"change":{"mean":{"estimate":-0.010749451050677372,"lower_bound":-0.016757443158876652,"upper_bound":-0.003914635625408013,"unit":"%"},"median":{"estimate":-0.01357039087367451,"lower_bound":-0.0163124319194318,"upper_bound":-0.01067333574830398,"unit":"%"},"change":"NoChange"}}
{"reason":"group-complete","group_name":"Solutions","benchmarks":["Solutions/Day 01/Part 01","Solutions/Day 01/Part 02","Solutions/Day 02/Part 01","Solutions/Day 02/Part 02"],"report_directory":"/Volumes/Code/Personal/AOC2023/target/criterion/reports/Solutions"}
