{"reason":"benchmark-complete","id":"Solutions/Day 05/Part 01","report_directory":"/Volumes/Code/Personal/AOC2023/target/criterion/reports/Solutions/Day 05_Part 01","iteration_count":[42,84,126,168,210,252,294,336,378,420,462,504,546,588,630,672,714,756,798,840,882,924,966,1008,1050,1092,1134,1176,1218,1260,1302,1344,1386,1428,1470,1512,1554,1596,1638,1680,1722,1764,1806,1848,1890,1932,1974,2016,2058,2100,2142,2184,2226,2268,2310,2352,2394,2436,2478,2520,2562,2604,2646,2688,2730,2772,2814,2856,2898,2940,2982,3024,3066,3108,3150,3192,3234,3276,3318,3360,3402,3444,3486,3528,3570,3612,3654,3696,3738,3780,3822,3864,3906,3948,3990,4032,4074,4116,4158,4200],"measured_values":[1020209.0,1998750.0,2972375.0,3983208.0,4957709.0,6082167.0,7141750.0,7948583.0,8975958.0,9951333.0,10908500.0,11913625.0,12978709.0,13901709.0,14918292.0,15889500.0,16910042.0,17892667.0,18850209.0,19868792.0,20859875.0,21918416.0,22875083.0,23905042.0,24845333.0,25862916.0,26801083.0,27811292.0,28776750.0,29767750.0,30931958.0,31765250.0,32804167.0,33721333.0,34679125.0,35743542.0,36733000.0,37721375.0,39107417.0,40399042.0,41645625.0,42248667.0,43008291.0,44113458.0,45230583.0,45594250.0,47109792.0,47925333.0,49479041.0,52504916.0,51368667.0,53114666.0,54151833.0,54875792.0,55488834.0,56058500.0,57245500.0,58026375.0,59529375.0,60952666.0,61173333.0,62006291.0,63268791.0,64697041.0,65921583.0,66708458.0,67126834.0,68463708.0,69152875.0,71695125.0,71979291.0,72110917.0,73096709.0,73935334.0,75517959.0,77943959.0,77261333.0,95389875.0,108139583.0,98025334.0,84187958.0,85826500.0,84016958.0,86073291.0,88146292.0,90177625.0,91676375.0,89697459.0,90370083.0,92079958.0,94268417.0,96460333.0,95840084.0,96620458.0,98836875.0,96984375.0,103322583.0,100508708.0,98963708.0,100112458.0],"unit":"ns","throughput":[],"typical":{"estimate":24583.738287980184,"lower_bound":24235.805996269715,"upper_bound":25015.996821667733,"unit":"ns"},"mean":{"estimate":24188.693397313287,"lower_bound":23987.34987633682,"upper_bound":24449.245193476996,"unit":"ns"},"median":{"estimate":23873.01039238539,"lower_bound":23813.02716304076,"upper_bound":23997.54774891775,"unit":"ns"},"median_abs_dev":{"estimate":334.97395001788635,"lower_bound":253.6584855641701,"upper_bound":462.1534751284697,"unit":"ns"},"slope":{"estimate":24583.738287980184,"lower_bound":24235.805996269715,"upper_bound":25015.996821667733,"unit":"ns"},"change":{"mean":{"estimate":-0.035314967831002075,"lower_bound":-0.04592982094894244,"upper_bound":-0.024381476408951493,"unit":"%"},"median":{"estimate":-0.03912125995037263,"lower_bound":-0.041851093943198414,"upper_bound":-0.0345178532320044,"unit":"%"},"change":"Improved"}}
{"reason":"benchmark-complete","id":"Solutions/Day 05/Part 02","report_directory":"/Volumes/Code/Personal/AOC2023/target/criterion/reports/Solutions/Day 05_Part 02","iteration_count":[29,58,87,116,145,174,203,232,261,290,319,348,377,406,435,464,493,522,551,580,609,638,667,696,725,754,783,812,841,870,899,928,957,986,1015,1044,1073,1102,1131,1160,1189,1218,1247,1276,1305,1334,1363,1392,1421,1450,1479,1508,1537,1566,1595,1624,1653,1682,1711,1740,1769,1798,1827,1856,1885,1914,1943,1972,2001,2030,2059,2088,2117,2146,2175,2204,2233,2262,2291,2320,2349,2378,2407,2436,2465,2494,2523,2552,2581,2610,2639,2668,2697,2726,2755,2784,2813,2842,2871,2900],"measured_values":[1013375.0,2003750.0,2910375.0,3976208.0,4982416.0,6348125.0,6890459.0,7835500.0,8907416.0,9843750.0,10731708.0,11907167.0,12754708.0,13698000.0,14717041.0,15723500.0,16973250.0,17843875.0,18639875.0,19755167.0,21089958.0,24966666.0,30205584.0,55591583.0,42591750.0,27667542.0,27337625.0,28069083.0,29953708.0,31503125.0,31857167.0,32855791.0,33254083.0,34113667.0,35539208.0,36722166.0,38623583.0,39105375.0,41413625.0,50850250.0,42919500.0,43129208.0,44229292.0,46630166.0,47083375.0,47275625.0,46831500.0,47242042.0,48010041.0,48959917.0,49866458.0,50810916.0,51901458.0,52708334.0,53716000.0,54689167.0,55601667.0,57828875.0,57974541.0,58922875.0,59843500.0,60865834.0,61771208.0,62605792.0,63630000.0,64577125.0,67620958.0,67958667.0,70722667.0,72856333.0,72912542.0,73811292.0,74754125.0,73956583.0,76673708.0,76217000.0,77579125.0,77502500.0,80852625.0,82312875.0,83549292.0,83288709.0,82561958.0,82854916.0,83611666.0,84579875.0,85076542.0,85824875.0,86806209.0,87692208.0,88626791.0,90128208.0,90903792.0,99672000.0,93084000.0,94009167.0,101578667.0,100708167.0,96446834.0,97812292.0],"unit":"ns","throughput":[],"typical":{"estimate":34654.72345235244,"lower_bound":34364.258866511846,"upper_bound":35000.079257845144,"unit":"ns"},"mean":{"estimate":35490.690102291555,"lower_bound":34647.39832749123,"upper_bound":36683.813205258375,"unit":"ns"},"median":{"estimate":34360.31195891416,"lower_bound":33943.96551724138,"upper_bound":34658.04715256009,"unit":"ns"},"median_abs_dev":{"estimate":942.8284275737361,"lower_bound":487.96686631061067,"upper_bound":1244.291823822009,"unit":"ns"},"slope":{"estimate":34654.72345235244,"lower_bound":34364.258866511846,"upper_bound":35000.079257845144,"unit":"ns"},"change":{"mean":{"estimate":0.0012196803406840928,"lower_bound":-0.02340285981593795,"upper_bound":0.037197642362436036,"unit":"%"},"median":{"estimate":-0.02252085933895942,"lower_bound":-0.03379340272687481,"upper_bound":-0.013516999260380967,"unit":"%"},"change":"NoChange"}}
{"reason":"group-complete","group_name":"Solutions","benchmarks":["Solutions/Day 07/Part 02 Disordered","Solutions/Day 07/Part 01 Disordered","Solutions/Day 01/Part 01","Solutions/Day 01/Part 02","Solutions/Day 02/Part 01","Solutions/Day 02/Part 02","Solutions/Day 03/Part 01","Solutions/Day 03/Part 02","Solutions/Day 04/Part 01","Solutions/Day 04/Part 02","Solutions/Day 05/Part 01","Solutions/Day 05/Part 02","Solutions/Day 06/Part 01","Solutions/Day 06/Part 02","Solutions/Day 07/Part 01","Solutions/Day 07/Part 02"],"report_directory":"/Volumes/Code/Personal/AOC2023/target/criterion/reports/Solutions"}
