{"reason":"benchmark-complete","id":"Solutions/Day 08/Part 01","report_directory":"/Volumes/Code/Personal/AOC2023/target/criterion/reports/Solutions/Day 08_Part 01","iteration_count":[2,4,6,8,10,12,14,16,18,20,22,24,26,28,30,32,34,36,38,40,42,44,46,48,50,52,54,56,58,60,62,64,66,68,70,72,74,76,78,80,82,84,86,88,90,92,94,96,98,100,102,104,106,108,110,112,114,116,118,120,122,124,126,128,130,132,134,136,138,140,142,144,146,148,150,152,154,156,158,160,162,164,166,168,170,172,174,176,178,180,182,184,186,188,190,192,194,196,198,200],"measured_values":[1550792.0,3187041.0,4535875.0,6162541.0,7578334.0,9086500.0,10599250.0,12089417.0,13632333.0,15204417.0,16635000.0,18271875.0,19625916.0,21145958.0,22673042.0,24171667.0,25807209.0,27281250.0,28724750.0,30351041.0,31770791.0,33265042.0,34831792.0,36244875.0,37945750.0,39308417.0,40790042.0,42374208.0,43848750.0,45204167.0,46997750.0,48411250.0,49944958.0,51565041.0,52913792.0,54513791.0,55851875.0,57523792.0,59076375.0,60591792.0,62005500.0,63637875.0,65095583.0,66756291.0,68257458.0,69549917.0,71202167.0,72444291.0,74037708.0,75547875.0,77120292.0,78762791.0,82288458.0,82710833.0,84279875.0,85074125.0,86450875.0,89744458.0,89679750.0,90958917.0,92332916.0,93610916.0,95312125.0,96620500.0,98531041.0,99928792.0,101380459.0,102971959.0,104297667.0,105609458.0,110663417.0,109397542.0,110237292.0,111755459.0,113471250.0,114921959.0,116169459.0,117657042.0,119124708.0,120895625.0,122338541.0,123758625.0,125273500.0,126985083.0,128967625.0,129625334.0,131352417.0,132715375.0,134261542.0,135762959.0,137105917.0,138534708.0,140540541.0,141668667.0,143399583.0,144680792.0,148716000.0,149096042.0,149912666.0,151216625.0],"unit":"ns","throughput":[],"typical":{"estimate":756953.4369971922,"lower_bound":755916.3022407561,"upper_bound":758212.5535262318,"unit":"ns"},"mean":{"estimate":757980.0803891676,"lower_bound":756901.4922863222,"upper_bound":759284.5412667602,"unit":"ns"},"median":{"estimate":756435.6088789683,"lower_bound":755955.1314102564,"upper_bound":757036.303030303,"unit":"ns"},"median_abs_dev":{"estimate":2047.8818328209545,"lower_bound":1513.9604103436168,"upper_bound":2577.273676406667,"unit":"ns"},"slope":{"estimate":756953.4369971922,"lower_bound":755916.3022407561,"upper_bound":758212.5535262318,"unit":"ns"},"change":{"mean":{"estimate":0.005836190558390131,"lower_bound":0.0031021017433737422,"upper_bound":0.008512099532690894,"unit":"%"},"median":{"estimate":0.0072695349898912465,"lower_bound":0.006098200930904962,"upper_bound":0.008546498134302416,"unit":"%"},"change":"NoChange"}}
{"reason":"benchmark-complete","id":"Solutions/Day 08/Part 02","report_directory":"/Volumes/Code/Personal/AOC2023/target/criterion/reports/Solutions/Day 08_Part 02","iteration_count":[1,2,3,4,5,6,7,8,9,10,11,12,13,14,15,16,17,18,19,20,21,22,23,24,25,26,27,28,29,30,31,32,33,34,35,36,37,38,39,40,41,42,43,44,45,46,47,48,49,50,51,52,53,54,55,56,57,58,59,60,61,62,63,64,65,66,67,68,69,70,71,72,73,74,75,76,77,78,79,80,81,82,83,84,85,86,87,88,89,90,91,92,93,94,95,96,97,98,99,100],"measured_values":[1520125.0,2826500.0,3900708.0,4818875.0,6916459.0,8213708.0,9063375.0,9983625.0,12878583.0,12427917.0,14209375.0,16344042.0,16662625.0,18277292.0,18886250.0,20913791.0,21660542.0,26714083.0,31200083.0,39804750.0,29602500.0,28669833.0,32260583.0,34828834.0,33382541.0,33933083.0,34502459.0,36210541.0,35898208.0,39443875.0,40250250.0,41730292.0,41628042.0,43812500.0,45336208.0,49319500.0,46967042.0,50699542.0,52699542.0,51692125.0,60710334.0,80071292.0,63454416.0,57350458.0,56740500.0,60589833.0,59858209.0,72142750.0,63596583.0,64155834.0,67172667.0,71097458.0,67841125.0,72821875.0,71085334.0,71128250.0,71997792.0,80122500.0,78249333.0,76981125.0,82996958.0,81837708.0,84521417.0,81668541.0,84697500.0,94264709.0,87199625.0,92529375.0,89244709.0,91434792.0,93666709.0,108930166.0,96016042.0,95846042.0,96284708.0,102963375.0,100866958.0,100700875.0,104648458.0,103546458.0,107751292.0,106647458.0,107034083.0,107348916.0,123512750.0,122309833.0,122879541.0,118665459.0,137707208.0,132721750.0,125991041.0,127090375.0,127091833.0,125248000.0,127866750.0,135352042.0,133448916.0,136267417.0,142720708.0,136414334.0],"unit":"ns","throughput":[],"typical":{"estimate":1358600.7985843061,"lower_bound":1340801.3347756497,"upper_bound":1376937.2470924258,"unit":"ns"},"mean":{"estimate":1354739.5360057831,"lower_bound":1334344.301159041,"upper_bound":1378632.7831077988,"unit":"ns"},"median":{"estimate":1318209.8525719536,"lower_bound":1304071.625,"upper_bound":1345965.7894736843,"unit":"ns"},"median_abs_dev":{"estimate":59739.56278481129,"lower_bound":39852.54272719823,"upper_bound":78999.9460607738,"unit":"ns"},"slope":{"estimate":1358600.7985843061,"lower_bound":1340801.3347756497,"upper_bound":1376937.2470924258,"unit":"ns"},"change":{"mean":{"estimate":-0.6935759531072198,"lower_bound":-0.6984987795004678,"upper_bound":-0.688565305900923,"unit":"%"},"median":{"estimate":-0.7010504255759964,"lower_bound":-0.7042791115488898,"upper_bound":-0.6947432896891295,"unit":"%"},"change":"Improved"}}
{"reason":"group-complete","group_name":"Solutions","benchmarks":["Solutions/Day 07/Part 02 Disordered","Solutions/Day 07/Part 01 Disordered","Solutions/Day 01/Part 01","Solutions/Day 01/Part 02","Solutions/Day 02/Part 01","Solutions/Day 02/Part 02","Solutions/Day 03/Part 01","Solutions/Day 03/Part 02","Solutions/Day 04/Part 01","Solutions/Day 04/Part 02","Solutions/Day 05/Part 01","Solutions/Day 05/Part 02","Solutions/Day 06/Part 01","Solutions/Day 06/Part 02","Solutions/Day 07/Part 01","Solutions/Day 07/Part 02","Solutions/Day 08/Part 01","Solutions/Day 08/Part 02","Solutions/Day 09/Part 01","Solutions/Day 09/Part 02"],"report_directory":"/Volumes/Code/Personal/AOC2023/target/criterion/reports/Solutions"}
