{"reason":"benchmark-complete","id":"Solutions/Day 02/Part 01","report_directory":"/Volumes/Code/Personal/AOC2023/target/criterion/reports/Solutions/Day 02_Part 01","iteration_count":[26,52,78,104,130,156,182,208,234,260,286,312,338,364,390,416,442,468,494,520,546,572,598,624,650,676,702,728,754,780,806,832,858,884,910,936,962,988,1014,1040,1066,1092,1118,1144,1170,1196,1222,1248,1274,1300,1326,1352,1378,1404,1430,1456,1482,1508,1534,1560,1586,1612,1638,1664,1690,1716,1742,1768,1794,1820,1846,1872,1898,1924,1950,1976,2002,2028,2054,2080,2106,2132,2158,2184,2210,2236,2262,2288,2314,2340,2366,2392,2418,2444,2470,2496,2522,2548,2574,2600],"measured_values":[1158542.0,2053625.0,2970375.0,3975334.0,4904542.0,6073709.0,9671708.0,9464708.0,8946250.0,9849334.0,10796750.0,11760500.0,12852542.0,13762375.0,14727375.0,15698917.0,16825792.0,17680458.0,18645833.0,19602291.0,20653542.0,21614875.0,22591375.0,23557792.0,24493542.0,25565250.0,26527375.0,27459917.0,28543375.0,29457583.0,30480334.0,31414083.0,32415666.0,33612333.0,34879625.0,36378459.0,37741042.0,38208958.0,39692250.0,40010416.0,41695000.0,42000209.0,43239041.0,44540000.0,45134958.0,46354916.0,47424792.0,48210958.0,49799917.0,50853042.0,51095667.0,52076291.0,53130792.0,54638125.0,55352542.0,56663542.0,57268667.0,58554708.0,61949625.0,62147667.0,61056041.0,63105875.0,62219500.0,63290291.0,64217333.0,65090375.0,66054875.0,66949000.0,67948208.0,68975834.0,69985875.0,71551125.0,72407208.0,73142666.0,73961792.0,74768958.0,75737625.0,76779500.0,77683167.0,79127458.0,86791708.0,81468750.0,81452917.0,82788459.0,102408625.0,96504500.0,86035875.0,86949708.0,87774666.0,88529875.0,89591958.0,90415375.0,91289917.0,92359459.0,93654750.0,94476583.0,95722500.0,96300125.0,97195209.0,98228875.0],"unit":"ns","throughput":[],"typical":{"estimate":38463.7728284321,"lower_bound":38106.410557942254,"upper_bound":38951.189974793655,"unit":"ns"},"mean":{"estimate":38651.45063005499,"lower_bound":38294.23431048288,"upper_bound":39096.117855902936,"unit":"ns"},"median":{"estimate":38000.45832436794,"lower_bound":37905.492431512146,"upper_bound":38149.21390937829,"unit":"ns"},"median_abs_dev":{"estimate":350.1045658769192,"lower_bound":205.32631577780768,"upper_bound":571.6798160949995,"unit":"ns"},"slope":{"estimate":38463.7728284321,"lower_bound":38106.410557942254,"upper_bound":38951.189974793655,"unit":"ns"},"change":{"mean":{"estimate":-0.013896861701567453,"lower_bound":-0.04769458230012279,"upper_bound":0.011941530790461563,"unit":"%"},"median":{"estimate":-0.000999681924350515,"lower_bound":-0.0055430327951090375,"upper_bound":0.0037806299249609093,"unit":"%"},"change":"NoChange"}}
{"reason":"benchmark-complete","id":"Solutions/Day 02/Part 02","report_directory":"/Volumes/Code/Personal/AOC2023/target/criterion/reports/Solutions/Day 02_Part 02","iteration_count":[26,52,78,104,130,156,182,208,234,260,286,312,338,364,390,416,442,468,494,520,546,572,598,624,650,676,702,728,754,780,806,832,858,884,910,936,962,988,1014,1040,1066,1092,1118,1144,1170,1196,1222,1248,1274,1300,1326,1352,1378,1404,1430,1456,1482,1508,1534,1560,1586,1612,1638,1664,1690,1716,1742,1768,1794,1820,1846,1872,1898,1924,1950,1976,2002,2028,2054,2080,2106,2132,2158,2184,2210,2236,2262,2288,2314,2340,2366,2392,2418,2444,2470,2496,2522,2548,2574,2600],"measured_values":[1087000.0,2133583.0,2971333.0,3946250.0,5102916.0,6128416.0,6999833.0,8013625.0,8923708.0,9886875.0,10838167.0,11804083.0,12859958.0,13736750.0,14794250.0,15700041.0,16684500.0,17841167.0,18868834.0,27495875.0,20612584.0,21715541.0,22624666.0,23572041.0,24639583.0,25524875.0,26641583.0,27489375.0,28474208.0,29453250.0,30477166.0,31551250.0,32498917.0,33465583.0,34734958.0,35462459.0,36841084.0,37316875.0,38256917.0,39244375.0,40316792.0,41209709.0,42222042.0,43125542.0,44492083.0,45115125.0,46008166.0,47301041.0,51795584.0,50397667.0,50466875.0,51116584.0,52068584.0,53002209.0,54055625.0,55052375.0,56483000.0,56918708.0,57842750.0,58770417.0,59754542.0,60816792.0,62054667.0,62996625.0,64027791.0,65301541.0,65619166.0,66748666.0,67531541.0,68521792.0,69481167.0,70384250.0,71395875.0,72428583.0,73347542.0,74296708.0,75238625.0,76797250.0,77780500.0,84584042.0,80558791.0,81674375.0,81944208.0,82624041.0,83446417.0,84455458.0,85753250.0,86551666.0,87416583.0,88685792.0,89801666.0,90453541.0,91232875.0,92345875.0,93168791.0,94054333.0,95995584.0,96006834.0,97055166.0,98480708.0],"unit":"ns","throughput":[],"typical":{"estimate":37911.457206920466,"lower_bound":37808.248801559974,"upper_bound":38055.612594799204,"unit":"ns"},"mean":{"estimate":38168.01064456626,"lower_bound":37923.68959156012,"upper_bound":38540.308465679336,"unit":"ns"},"median":{"estimate":37824.5778718233,"lower_bound":37774.019366444896,"upper_bound":37877.52564102564,"unit":"ns"},"median_abs_dev":{"estimate":153.68707135956032,"lower_bound":118.81270170117521,"upper_bound":228.22427958209494,"unit":"ns"},"slope":{"estimate":37911.457206920466,"lower_bound":37808.248801559974,"upper_bound":38055.612594799204,"unit":"ns"},"change":{"mean":{"estimate":-0.001486649064977974,"lower_bound":-0.011828449278060704,"upper_bound":0.010248051028138359,"unit":"%"},"median":{"estimate":0.00003350583972316912,"lower_bound":-0.0013738790353862163,"upper_bound":0.00212784632286267,"unit":"%"},"change":"NoChange"}}
{"reason":"group-complete","group_name":"Solutions","benchmarks":["Solutions/Day 01/Part 01","Solutions/Day 01/Part 02","Solutions/Day 02/Part 01","Solutions/Day 02/Part 02","Solutions/Day 03/Part 01","Solutions/Day 03/Part 02"],"report_directory":"/Volumes/Code/Personal/AOC2023/target/criterion/reports/Solutions"}
