{"reason":"benchmark-complete","id":"Solutions/Day 05/Part 01","report_directory":"/Volumes/Code/Personal/AOC2023/target/criterion/reports/Solutions/Day 05_Part 01","iteration_count":[40,80,120,160,200,240,280,320,360,400,440,480,520,560,600,640,680,720,760,800,840,880,920,960,1000,1040,1080,1120,1160,1200,1240,1280,1320,1360,1400,1440,1480,1520,1560,1600,1640,1680,1720,1760,1800,1840,1880,1920,1960,2000,2040,2080,2120,2160,2200,2240,2280,2320,2360,2400,2440,2480,2520,2560,2600,2640,2680,2720,2760,2800,2840,2880,2920,2960,3000,3040,3080,3120,3160,3200,3240,3280,3320,3360,3400,3440,3480,3520,3560,3600,3640,3680,3720,3760,3800,3840,3880,3920,3960,4000],"measured_values":[1252583.0,2086958.0,2977500.0,3972958.0,5506083.0,6021125.0,7992708.0,8119166.0,9044542.0,9969584.0,10947333.0,11959750.0,13015875.0,13963125.0,14933666.0,15940750.0,16975750.0,17878792.0,18868791.0,19870250.0,20922416.0,21859875.0,22832458.0,23876791.0,24969667.0,25822792.0,26849667.0,27770209.0,28837875.0,30113542.0,30818541.0,31899583.0,32766000.0,34564625.0,34751417.0,35747042.0,36949292.0,37706709.0,38744542.0,39644167.0,40702333.0,41660708.0,42764875.0,43717542.0,44674500.0,45685542.0,46719334.0,47997833.0,48718916.0,49727709.0,50673708.0,51585750.0,52544667.0,54151167.0,54578875.0,55597417.0,56470292.0,57542500.0,58837084.0,59592250.0,60600209.0,61682042.0,62652667.0,63586667.0,64475125.0,65549875.0,66551875.0,67455875.0,68343750.0,69792541.0,70542750.0,71520375.0,72528000.0,73339167.0,74386334.0,75969834.0,76509500.0,77384792.0,79470000.0,81834750.0,80837125.0,87546583.0,85593834.0,83414000.0,89197041.0,88084584.0,86673041.0,87584291.0,88535792.0,89524292.0,90451042.0,91338000.0,92301250.0,93733375.0,94769167.0,95345708.0,96370042.0,97342375.0,98316667.0,99184834.0],"unit":"ns","throughput":[],"typical":{"estimate":24974.876422860943,"lower_bound":24883.60487217655,"upper_bound":25087.642908389284,"unit":"ns"},"mean":{"estimate":25074.18752307935,"lower_bound":24937.00939993911,"upper_bound":25254.865797019946,"unit":"ns"},"median":{"estimate":24844.977204045954,"lower_bound":24836.244871794872,"upper_bound":24867.858888888888,"unit":"ns"},"median_abs_dev":{"estimate":55.49034968620215,"lower_bound":37.65760834307278,"upper_bound":88.03645182245602,"unit":"ns"},"slope":{"estimate":24974.876422860943,"lower_bound":24883.60487217655,"upper_bound":25087.642908389284,"unit":"ns"},"change":{"mean":{"estimate":0.05623141044391522,"lower_bound":0.04324239300509518,"upper_bound":0.06786613687334991,"unit":"%"},"median":{"estimate":0.062455838878152425,"lower_bound":0.05912650429980659,"upper_bound":0.06722987105025546,"unit":"%"},"change":"Regressed"}}
{"reason":"benchmark-complete","id":"Solutions/Day 05/Part 02","report_directory":"/Volumes/Code/Personal/AOC2023/target/criterion/reports/Solutions/Day 05_Part 02","iteration_count":[28,56,84,112,140,168,196,224,252,280,308,336,364,392,420,448,476,504,532,560,588,616,644,672,700,728,756,784,812,840,868,896,924,952,980,1008,1036,1064,1092,1120,1148,1176,1204,1232,1260,1288,1316,1344,1372,1400,1428,1456,1484,1512,1540,1568,1596,1624,1652,1680,1708,1736,1764,1792,1820,1848,1876,1904,1932,1960,1988,2016,2044,2072,2100,2128,2156,2184,2212,2240,2268,2296,2324,2352,2380,2408,2436,2464,2492,2520,2548,2576,2604,2632,2660,2688,2716,2744,2772,2800],"measured_values":[1138125.0,2057917.0,2952875.0,4120917.0,5221958.0,6112000.0,6978750.0,7843500.0,8870541.0,9786750.0,10784500.0,11755416.0,12858000.0,13708208.0,14728375.0,15717375.0,16705625.0,17679375.0,18600917.0,19581334.0,20583292.0,21537917.0,22505834.0,23647375.0,24713750.0,25457625.0,26494125.0,27353458.0,28357209.0,29318333.0,30338375.0,31348125.0,32255625.0,33181083.0,34209333.0,36362375.0,37552250.0,39086542.0,38898875.0,40619750.0,41322417.0,42754916.0,43109292.0,45978166.0,44965667.0,45782417.0,46302000.0,47539375.0,48255959.0,49210917.0,52003042.0,53422792.0,56509333.0,56259958.0,54167875.0,55021041.0,55971333.0,56853625.0,58091666.0,60616791.0,60083917.0,60753000.0,61721250.0,62733333.0,63653459.0,64618542.0,65619042.0,67385417.0,67714208.0,68606833.0,70077167.0,71259542.0,71802000.0,72785708.0,73574542.0,74527333.0,75428833.0,76332542.0,77086958.0,78024834.0,83091000.0,84415916.0,81087583.0,82090500.0,83062084.0,84078125.0,85678833.0,86034458.0,87145250.0,88995708.0,91069958.0,90833000.0,92152375.0,92604833.0,93520917.0,94494750.0,95499875.0,96475459.0,97742000.0,98586167.0],"unit":"ns","throughput":[],"typical":{"estimate":35305.63008877114,"lower_bound":35192.851493578,"upper_bound":35441.24742457819,"unit":"ns"},"mean":{"estimate":35447.455537645015,"lower_bound":35294.75860899535,"upper_bound":35625.268101619746,"unit":"ns"},"median":{"estimate":35151.96440476191,"lower_bound":35048.76190476191,"upper_bound":35178.917691351206,"unit":"ns"},"median_abs_dev":{"estimate":272.73923433273984,"lower_bound":166.4299187133491,"upper_bound":326.594120639639,"unit":"ns"},"slope":{"estimate":35305.63008877114,"lower_bound":35192.851493578,"upper_bound":35441.24742457819,"unit":"ns"},"change":null}
{"reason":"group-complete","group_name":"Solutions","benchmarks":["Solutions/Day 01/Part 01","Solutions/Day 01/Part 02","Solutions/Day 02/Part 01","Solutions/Day 02/Part 02","Solutions/Day 03/Part 01","Solutions/Day 03/Part 02","Solutions/Day 04/Part 01","Solutions/Day 04/Part 02","Solutions/Day 05/Part 01","Solutions/Day 05/Part 02"],"report_directory":"/Volumes/Code/Personal/AOC2023/target/criterion/reports/Solutions"}
