{"reason":"benchmark-complete","id":"Solutions/Day 08/Part 01","report_directory":"/Volumes/Code/Personal/AOC2023/target/criterion/reports/Solutions/Day 08_Part 01","iteration_count":[2,4,6,8,10,12,14,16,18,20,22,24,26,28,30,32,34,36,38,40,42,44,46,48,50,52,54,56,58,60,62,64,66,68,70,72,74,76,78,80,82,84,86,88,90,92,94,96,98,100,102,104,106,108,110,112,114,116,118,120,122,124,126,128,130,132,134,136,138,140,142,144,146,148,150,152,154,156,158,160,162,164,166,168,170,172,174,176,178,180,182,184,186,188,190,192,194,196,198,200],"measured_values":[1530334.0,3031708.0,4493833.0,5978250.0,7777750.0,9209375.0,10685917.0,12501375.0,13554667.0,14996750.0,16967917.0,18208042.0,19960292.0,21273958.0,22623417.0,24114458.0,25794542.0,27215000.0,28740292.0,30694209.0,32280500.0,33479458.0,34874625.0,36240042.0,37963833.0,39309500.0,40690250.0,42138958.0,43799791.0,45288334.0,46996542.0,48282125.0,50218292.0,51468917.0,53113250.0,60141125.0,67192125.0,59366708.0,60425709.0,62230333.0,62603375.0,64768791.0,64903667.0,66152250.0,67989667.0,69588917.0,71200209.0,73774208.0,75649291.0,77767708.0,79313542.0,79554292.0,82256917.0,83066166.0,85396791.0,84745292.0,85925917.0,87157708.0,88271333.0,89716666.0,91369250.0,93297916.0,96970125.0,98629416.0,100817583.0,101486167.0,103083583.0,105780959.0,105875875.0,106322917.0,108985542.0,109213666.0,120055834.0,117507375.0,118020292.0,116171625.0,116208875.0,117891916.0,118961542.0,121043375.0,123111042.0,123782375.0,124949000.0,128466250.0,128971333.0,129892375.0,132231708.0,133112209.0,135220875.0,136056000.0,137634250.0,139050625.0,140392542.0,141939750.0,143764250.0,146935208.0,146660417.0,150389709.0,149802792.0,150744834.0],"unit":"ns","throughput":[],"typical":{"estimate":762822.6524205704,"lower_bound":759961.0610659977,"upper_bound":766335.796071562,"unit":"ns"},"mean":{"estimate":764326.9755094808,"lower_bound":761003.4314434103,"upper_bound":768544.9987113005,"unit":"ns"},"median":{"estimate":758658.95,"lower_bound":756579.7575757576,"upper_bound":760883.2121212122,"unit":"ns"},"median_abs_dev":{"estimate":7974.680122865499,"lower_bound":4601.941458247932,"upper_bound":10815.280960012742,"unit":"ns"},"slope":{"estimate":762822.6524205704,"lower_bound":759961.0610659977,"upper_bound":766335.796071562,"unit":"ns"},"change":{"mean":{"estimate":0.005283473205931921,"lower_bound":-0.000543635391289989,"upper_bound":0.01114456592130031,"unit":"%"},"median":{"estimate":0.006133339315967712,"lower_bound":0.002739349968254423,"upper_bound":0.008730921315809992,"unit":"%"},"change":"NoChange"}}
{"reason":"benchmark-complete","id":"Solutions/Day 08/Part 02","report_directory":"/Volumes/Code/Personal/AOC2023/target/criterion/reports/Solutions/Day 08_Part 02","iteration_count":[12,12,12,12,12,12,12,12,12,12,12,12,12,12,12,12,12,12,12,12,12,12,12,12,12,12,12,12,12,12,12,12,12,12,12,12,12,12,12,12,12,12,12,12,12,12,12,12,12,12,12,12,12,12,12,12,12,12,12,12,12,12,12,12,12,12,12,12,12,12,12,12,12,12,12,12,12,12,12,12,12,12,12,12,12,12,12,12,12,12,12,12,12,12,12,12,12,12,12,12],"measured_values":[53699042.0,53897458.0,53467667.0,53266708.0,53414583.0,53120666.0,53617542.0,52887958.0,52665583.0,52841750.0,52720958.0,52823417.0,52801417.0,52738000.0,52748292.0,53678000.0,54586084.0,57056334.0,54975458.0,55048417.0,53800041.0,55003125.0,54402875.0,53688250.0,53144000.0,53096041.0,52991750.0,53091292.0,53140542.0,53884708.0,54357334.0,55286833.0,53866667.0,53628500.0,53214833.0,53330167.0,53518875.0,53532375.0,53246416.0,53432083.0,53144875.0,52835708.0,52887625.0,52873208.0,52869041.0,53032750.0,53001709.0,53049667.0,53090542.0,52904708.0,52804334.0,52762208.0,52950833.0,52749375.0,52908625.0,52702459.0,52841917.0,52609042.0,52868833.0,52885375.0,52661792.0,53456417.0,53132167.0,52815250.0,52938375.0,53049542.0,52769667.0,52878792.0,52740625.0,52735625.0,52847333.0,52842334.0,52828042.0,52687709.0,52813667.0,52685875.0,52832250.0,52733708.0,52912500.0,52823750.0,53036084.0,52869917.0,52841333.0,52759291.0,52579375.0,54877292.0,54000125.0,53198333.0,52740542.0,52795625.0,52690584.0,52694958.0,52804000.0,52745292.0,52619542.0,52648542.0,52716833.0,52769333.0,52718250.0,53155167.0],"unit":"ns","throughput":[],"typical":{"estimate":4433275.594166669,"lower_bound":4422455.863979166,"upper_bound":4445692.498020835,"unit":"ns"},"mean":{"estimate":4433275.594166669,"lower_bound":4422455.863979166,"upper_bound":4445692.498020835,"unit":"ns"},"median":{"estimate":4408027.75,"lower_bound":4403527.833333333,"upper_bound":4420795.166666667,"unit":"ns"},"median_abs_dev":{"estimate":23065.178440511227,"lower_bound":16128.463813662529,"upper_bound":36655.73997423076,"unit":"ns"},"slope":null,"change":{"mean":{"estimate":-0.00563561355823472,"lower_bound":-0.009283979849724186,"upper_bound":-0.001901503886368855,"unit":"%"},"median":{"estimate":-0.009389076920334194,"lower_bound":-0.010677892786735366,"upper_bound":-0.005791489922142068,"unit":"%"},"change":"NoChange"}}
{"reason":"group-complete","group_name":"Solutions","benchmarks":["Solutions/Day 07/Part 02 Disordered","Solutions/Day 07/Part 01 Disordered","Solutions/Day 01/Part 01","Solutions/Day 01/Part 02","Solutions/Day 02/Part 01","Solutions/Day 02/Part 02","Solutions/Day 03/Part 01","Solutions/Day 03/Part 02","Solutions/Day 04/Part 01","Solutions/Day 04/Part 02","Solutions/Day 05/Part 01","Solutions/Day 05/Part 02","Solutions/Day 06/Part 01","Solutions/Day 06/Part 02","Solutions/Day 07/Part 01","Solutions/Day 07/Part 02","Solutions/Day 08/Part 01","Solutions/Day 08/Part 02"],"report_directory":"/Volumes/Code/Personal/AOC2023/target/criterion/reports/Solutions"}
