{"reason":"benchmark-complete","id":"Solutions/Day 16/Part 01","report_directory":"/Volumes/Code/Personal/AOC2023/target/criterion/reports/Solutions/Day 16_Part 01","iteration_count":[1,2,3,4,5,6,7,8,9,10,11,12,13,14,15,16,17,18,19,20,21,22,23,24,25,26,27,28,29,30,31,32,33,34,35,36,37,38,39,40,41,42,43,44,45,46,47,48,49,50,51,52,53,54,55,56,57,58,59,60,61,62,63,64,65,66,67,68,69,70,71,72,73,74,75,76,77,78,79,80,81,82,83,84,85,86,87,88,89,90,91,92,93,94,95,96,97,98,99,100],"measured_values":[2000334.0,3815500.0,5879500.0,7792459.0,9365542.0,11406166.0,13230625.0,15128917.0,17076750.0,19035417.0,20707792.0,22640000.0,24288667.0,26454750.0,28573500.0,30169625.0,32003792.0,33811625.0,35702000.0,37757250.0,39503333.0,41529583.0,43423833.0,45374916.0,47464250.0,49070542.0,50926666.0,53144000.0,54679667.0,56661291.0,58757708.0,60420917.0,62744875.0,64345833.0,66294667.0,68017208.0,69865208.0,71602708.0,73750958.0,75457833.0,77079375.0,79428125.0,81278542.0,83319709.0,85526750.0,87216375.0,88705250.0,90657542.0,92440791.0,94508250.0,96106875.0,102496125.0,101527625.0,101860500.0,103757000.0,105673500.0,107703541.0,109770375.0,111250625.0,113293791.0,115419958.0,117814750.0,118803250.0,120781041.0,123389792.0,125316042.0,126354292.0,128720417.0,130664666.0,132261542.0,134474166.0,136132292.0,138619000.0,140293083.0,141968375.0,144254625.0,146139875.0,148117792.0,149238959.0,154180750.0,157528750.0,157169709.0,157127167.0,159499417.0,160559125.0,161583375.0,163549000.0,165351750.0,169178291.0,174454000.0,171920000.0,173127750.0,174221708.0,176700000.0,178010708.0,181556541.0,185679750.0,187510792.0,187973208.0,192914500.0],"unit":"ns","throughput":[],"typical":{"estimate":1896420.185627309,"lower_bound":1891782.5284519158,"upper_bound":1901359.6198049283,"unit":"ns"},"mean":{"estimate":1895839.1453995013,"lower_bound":1892174.8041344783,"upper_bound":1899893.4745443284,"unit":"ns"},"median":{"estimate":1890410.0755813953,"lower_bound":1888905.2234177215,"upper_bound":1892911.6666666667,"unit":"ns"},"median_abs_dev":{"estimate":7740.845194654345,"lower_bound":5478.2298837937815,"upper_bound":11411.504606496266,"unit":"ns"},"slope":{"estimate":1896420.185627309,"lower_bound":1891782.5284519158,"upper_bound":1901359.6198049283,"unit":"ns"},"change":{"mean":{"estimate":-0.009556013962496612,"lower_bound":-0.014591507937648636,"upper_bound":-0.0048260343111816515,"unit":"%"},"median":{"estimate":-0.00281682488461521,"lower_bound":-0.008579807516815086,"upper_bound":-0.0005793977368614422,"unit":"%"},"change":"NoChange"}}
{"reason":"benchmark-complete","id":"Solutions/Day 16/Part 02","report_directory":"/Volumes/Code/Personal/AOC2023/target/criterion/reports/Solutions/Day 16_Part 02","iteration_count":[1,1,1,1,1,1,1,1,1,1,1,1,1,1,1,1,1,1,1,1,1,1,1,1,1,1,1,1,1,1,1,1,1,1,1,1,1,1,1,1,1,1,1,1,1,1,1,1,1,1,1,1,1,1,1,1,1,1,1,1,1,1,1,1,1,1,1,1,1,1,1,1,1,1,1,1,1,1,1,1,1,1,1,1,1,1,1,1,1,1,1,1,1,1,1,1,1,1,1,1],"measured_values":[167675958.0,187351750.0,185690667.0,165995875.0,193688541.0,166447875.0,169674667.0,192402417.0,185853166.0,192083291.0,177400208.0,167650625.0,168369708.0,163487667.0,166293375.0,190627125.0,176858125.0,161217458.0,190230417.0,167274000.0,183888625.0,191567000.0,190817833.0,189444500.0,179163500.0,175956458.0,193784917.0,172770375.0,176456292.0,192472917.0,167296709.0,191711583.0,193343500.0,190190292.0,189265041.0,179333792.0,178573792.0,194352333.0,191085542.0,167214000.0,165183167.0,160772708.0,171689167.0,192867292.0,198385250.0,192118625.0,175776750.0,180323709.0,192737917.0,173438583.0,184096417.0,194453750.0,194300958.0,194864500.0,178832833.0,176865666.0,192617417.0,192084209.0,193765625.0,188821000.0,170047625.0,190119375.0,184850458.0,175581375.0,192676417.0,193063750.0,171121834.0,165295667.0,166727958.0,160815416.0,175568791.0,169865375.0,186569958.0,189690166.0,167117041.0,173991917.0,193091000.0,193665250.0,179650583.0,166997917.0,184892458.0,193574875.0,171068625.0,187772625.0,190749208.0,168807167.0,192327625.0,193867000.0,195138125.0,193112083.0,174726000.0,187251250.0,189192958.0,169542125.0,169477083.0,159911959.0,167870292.0,169977625.0,173977667.0,171496958.0],"unit":"ns","throughput":[],"typical":{"estimate":180901990.4,"lower_bound":178729082.92,"upper_bound":183063837.24425,"unit":"ns"},"mean":{"estimate":180901990.4,"lower_bound":178729082.92,"upper_bound":183063837.24425,"unit":"ns"},"median":{"estimate":182106167.0,"lower_bound":176411062.0,"upper_bound":188086375.0,"unit":"ns"},"median_abs_dev":{"estimate":15514111.449569464,"lower_bound":8655603.971332312,"upper_bound":17606861.061195724,"unit":"ns"},"slope":null,"change":{"mean":{"estimate":0.11676171636615562,"lower_bound":0.09957654985374721,"upper_bound":0.13288912101676353,"unit":"%"},"median":{"estimate":0.1371395282834147,"lower_bound":0.09703561722125165,"upper_bound":0.17989181636638765,"unit":"%"},"change":"Regressed"}}
{"reason":"group-complete","group_name":"Solutions","benchmarks":["Solutions/Day 07/Part 02 Disordered","Solutions/Day 07/Part 01 Disordered","Solutions/Day 01/Part 01","Solutions/Day 01/Part 02","Solutions/Day 02/Part 01","Solutions/Day 02/Part 02","Solutions/Day 03/Part 01","Solutions/Day 03/Part 02","Solutions/Day 04/Part 01","Solutions/Day 04/Part 02","Solutions/Day 05/Part 01","Solutions/Day 05/Part 02","Solutions/Day 06/Part 01","Solutions/Day 06/Part 02","Solutions/Day 07/Part 01","Solutions/Day 07/Part 02","Solutions/Day 08/Part 01","Solutions/Day 08/Part 02","Solutions/Day 09/Part 01","Solutions/Day 09/Part 02","Solutions/Day 10/Part 01","Solutions/Day 10/Part 02","Solutions/Day 11/Part 01","Solutions/Day 11/Part 02","Solutions/Day 12/Part 01","Solutions/Day 12/Part 02","Solutions/Day 13/Part 01","Solutions/Day 13/Part 02","Solutions/Day 14/Part 01","Solutions/Day 14/Part 02","Solutions/Day 15/Part 01","Solutions/Day 15/Part 02","Solutions/Day 16/Part 01","Solutions/Day 16/Part 02","Solutions/Day 17/Part 01","Solutions/Day 17/Part 02"],"report_directory":"/Volumes/Code/Personal/AOC2023/target/criterion/reports/Solutions"}
