{"reason":"benchmark-complete","id":"Solutions/Day 02/Part 01","report_directory":"/Volumes/Code/Personal/AOC2023/target/criterion/reports/Solutions/Day 02_Part 01","iteration_count":[24,48,72,96,120,144,168,192,216,240,264,288,312,336,360,384,408,432,456,480,504,528,552,576,600,624,648,672,696,720,744,768,792,816,840,864,888,912,936,960,984,1008,1032,1056,1080,1104,1128,1152,1176,1200,1224,1248,1272,1296,1320,1344,1368,1392,1416,1440,1464,1488,1512,1536,1560,1584,1608,1632,1656,1680,1704,1728,1752,1776,1800,1824,1848,1872,1896,1920,1944,1968,1992,2016,2040,2064,2088,2112,2136,2160,2184,2208,2232,2256,2280,2304,2328,2352,2376,2400],"measured_values":[1146958.0,2165292.0,3088500.0,4026541.0,5030958.0,5976791.0,7546625.0,8206167.0,8935625.0,9938500.0,10846334.0,11970709.0,13105041.0,13947083.0,14788083.0,15727500.0,16731084.0,17806458.0,18781541.0,19908583.0,20839791.0,21800333.0,22911667.0,23691292.0,26196167.0,28623250.0,28426542.0,28186208.0,29317333.0,30848292.0,31938250.0,32458416.0,33104583.0,33801084.0,34651084.0,35785417.0,37176708.0,37623833.0,38747708.0,39700333.0,40635875.0,41706250.0,42547333.0,43537166.0,44688625.0,45421667.0,47341500.0,51127583.0,49726125.0,50856917.0,51660667.0,51915834.0,52740458.0,53680000.0,54899083.0,55829458.0,56536667.0,57478334.0,58388708.0,59499833.0,60698375.0,61373375.0,62213792.0,63377458.0,64185125.0,65144083.0,66128583.0,67706917.0,68257833.0,69071959.0,70363875.0,71086667.0,72121792.0,72989375.0,73991500.0,74994709.0,76020166.0,76974833.0,77788542.0,78837292.0,79693542.0,80754417.0,81712459.0,82937417.0,84104584.0,85064167.0,86079458.0,87029541.0,88090625.0,89021417.0,89938833.0,90933833.0,91924459.0,93028208.0,94010916.0,94522375.0,94963375.0,95948209.0,97089667.0,98059208.0],"unit":"ns","throughput":[],"typical":{"estimate":41252.19164450027,"lower_bound":41179.61125089427,"upper_bound":41342.787326469,"unit":"ns"},"mean":{"estimate":41663.49919275112,"lower_bound":41466.124561562225,"upper_bound":41896.634894632625,"unit":"ns"},"median":{"estimate":41274.937677556816,"lower_bound":41228.035852713176,"upper_bound":41375.24801587302,"unit":"ns"},"median_abs_dev":{"estimate":244.05460432956392,"lower_bound":181.15197231775173,"upper_bound":353.3983214305218,"unit":"ns"},"slope":{"estimate":41252.19164450027,"lower_bound":41179.61125089427,"upper_bound":41342.787326469,"unit":"ns"},"change":{"mean":{"estimate":0.0015399770209432173,"lower_bound":-0.005892887407041713,"upper_bound":0.008963797899246494,"unit":"%"},"median":{"estimate":0.0017839226497089467,"lower_bound":-0.00011241466203699856,"upper_bound":0.004281760379016619,"unit":"%"},"change":"NoChange"}}
{"reason":"benchmark-complete","id":"Solutions/Day 02/Part 02","report_directory":"/Volumes/Code/Personal/AOC2023/target/criterion/reports/Solutions/Day 02_Part 02","iteration_count":[24,48,72,96,120,144,168,192,216,240,264,288,312,336,360,384,408,432,456,480,504,528,552,576,600,624,648,672,696,720,744,768,792,816,840,864,888,912,936,960,984,1008,1032,1056,1080,1104,1128,1152,1176,1200,1224,1248,1272,1296,1320,1344,1368,1392,1416,1440,1464,1488,1512,1536,1560,1584,1608,1632,1656,1680,1704,1728,1752,1776,1800,1824,1848,1872,1896,1920,1944,1968,1992,2016,2040,2064,2088,2112,2136,2160,2184,2208,2232,2256,2280,2304,2328,2352,2376,2400],"measured_values":[1025708.0,1984750.0,3036291.0,4090625.0,5374459.0,5957917.0,7239084.0,7888834.0,8863584.0,9807792.0,10825292.0,11875416.0,12782375.0,13806208.0,14760584.0,15717375.0,16774125.0,17696459.0,18875167.0,19761333.0,20845791.0,21697375.0,22659417.0,23718166.0,24697291.0,25582541.0,26694666.0,27523541.0,28675083.0,29782042.0,31172292.0,31810542.0,32541000.0,33559875.0,34847167.0,35638125.0,36590166.0,37499708.0,38680375.0,39479291.0,40289000.0,41334083.0,42666416.0,43294917.0,44347291.0,45247417.0,46206292.0,47193208.0,48094833.0,49111417.0,50395459.0,50989083.0,51969792.0,53130667.0,54023875.0,55029125.0,56609750.0,56969583.0,57956208.0,58993041.0,59878041.0,61004833.0,61929334.0,62754958.0,63765208.0,64750834.0,65719208.0,66634958.0,67698875.0,68800166.0,69715583.0,70647125.0,72045750.0,72845333.0,73633791.0,74613041.0,75567041.0,76585708.0,77896750.0,78954042.0,79875792.0,80694542.0,81765875.0,82689667.0,83701042.0,86037334.0,86928250.0,87806458.0,88872417.0,89993458.0,90996166.0,92015416.0,92904416.0,93818250.0,94785833.0,95897625.0,101800542.0,99496083.0,98043250.0,99231166.0],"unit":"ns","throughput":[],"typical":{"estimate":41301.89051290577,"lower_bound":41153.861523489344,"upper_bound":41478.48739696456,"unit":"ns"},"mean":{"estimate":41271.157548498544,"lower_bound":41164.88237086332,"upper_bound":41396.28899371036,"unit":"ns"},"median":{"estimate":41087.39914772728,"lower_bound":41006.03472222222,"upper_bound":41143.206562499996,"unit":"ns"},"median_abs_dev":{"estimate":238.25773883760917,"lower_bound":156.31618023933945,"upper_bound":323.0944096047064,"unit":"ns"},"slope":{"estimate":41301.89051290577,"lower_bound":41153.861523489344,"upper_bound":41478.48739696456,"unit":"ns"},"change":{"mean":{"estimate":-0.007442358716475805,"lower_bound":-0.01348474600833038,"upper_bound":-0.0019470315783269854,"unit":"%"},"median":{"estimate":-0.0040034674622136945,"lower_bound":-0.006535986090933976,"upper_bound":-0.0013618805114373744,"unit":"%"},"change":"NoChange"}}
{"reason":"group-complete","group_name":"Solutions","benchmarks":["Solutions/Day 01/Part 01","Solutions/Day 01/Part 02","Solutions/Day 02/Part 01","Solutions/Day 02/Part 02"],"report_directory":"/Volumes/Code/Personal/AOC2023/target/criterion/reports/Solutions"}
