{"reason":"benchmark-complete","id":"Solutions/Day 16/Part 01","report_directory":"/Volumes/Code/Personal/AOC2023/target/criterion/reports/Solutions/Day 16_Part 01","iteration_count":[1,2,3,4,5,6,7,8,9,10,11,12,13,14,15,16,17,18,19,20,21,22,23,24,25,26,27,28,29,30,31,32,33,34,35,36,37,38,39,40,41,42,43,44,45,46,47,48,49,50,51,52,53,54,55,56,57,58,59,60,61,62,63,64,65,66,67,68,69,70,71,72,73,74,75,76,77,78,79,80,81,82,83,84,85,86,87,88,89,90,91,92,93,94,95,96,97,98,99,100],"measured_values":[1896250.0,3536750.0,5066250.0,6995000.0,8668625.0,10182333.0,11831375.0,13518375.0,15539333.0,16826583.0,18773041.0,20365083.0,22159041.0,24236708.0,25564625.0,27723125.0,29135708.0,31192458.0,32660292.0,34392750.0,36038625.0,37975666.0,39546167.0,40822209.0,42887875.0,44411167.0,46197000.0,47818292.0,52519500.0,51666250.0,53068292.0,55224333.0,56364000.0,59410334.0,62458500.0,62936042.0,64915292.0,66511250.0,67927417.0,69605125.0,70868750.0,72053125.0,73883458.0,76365916.0,80637292.0,80320709.0,81482416.0,82323458.0,88329834.0,91219042.0,88764000.0,89885375.0,90921709.0,93087917.0,94701542.0,96295958.0,98462375.0,99192208.0,101206416.0,103992750.0,105087208.0,106880333.0,109261792.0,110547875.0,112720708.0,113386166.0,115411958.0,116649958.0,118965292.0,122416500.0,123446167.0,125176375.0,126887250.0,128652459.0,129294417.0,128940333.0,132294042.0,135904667.0,137244959.0,139204667.0,141172708.0,142839417.0,144261292.0,151921166.0,144692792.0,148011708.0,149534416.0,154662333.0,155047667.0,154749083.0,156740083.0,158290667.0,159655417.0,162429833.0,163941333.0,165901958.0,167561500.0,167978083.0,170329875.0,172557542.0],"unit":"ns","throughput":[],"typical":{"estimate":1731026.8011585637,"lower_bound":1726555.1945875385,"upper_bound":1736412.927619878,"unit":"ns"},"mean":{"estimate":1730877.169865007,"lower_bound":1725405.7649523409,"upper_bound":1737049.2308696983,"unit":"ns"},"median":{"estimate":1725636.8310526316,"lower_bound":1721637.3527131784,"upper_bound":1728506.0975609757,"unit":"ns"},"median_abs_dev":{"estimate":16412.047389759526,"lower_bound":12269.88958088221,"upper_bound":21254.869737755333,"unit":"ns"},"slope":{"estimate":1731026.8011585637,"lower_bound":1726555.1945875385,"upper_bound":1736412.927619878,"unit":"ns"},"change":{"mean":{"estimate":-0.018547529710223998,"lower_bound":-0.022227576845778654,"upper_bound":-0.014623390812109019,"unit":"%"},"median":{"estimate":-0.01948692468262525,"lower_bound":-0.022063956355875436,"upper_bound":-0.017464939944469716,"unit":"%"},"change":"Improved"}}
{"reason":"benchmark-complete","id":"Solutions/Day 16/Part 02","report_directory":"/Volumes/Code/Personal/AOC2023/target/criterion/reports/Solutions/Day 16_Part 02","iteration_count":[1,1,1,1,1,1,1,1,1,1,1,1,1,1,1,1,1,1,1,1,1,1,1,1,1,1,1,1,1,1,1,1,1,1,1,1,1,1,1,1,1,1,1,1,1,1,1,1,1,1,1,1,1,1,1,1,1,1,1,1,1,1,1,1,1,1,1,1,1,1,1,1,1,1,1,1,1,1,1,1,1,1,1,1,1,1,1,1,1,1,1,1,1,1,1,1,1,1,1,1],"measured_values":[81538333.0,75824292.0,76712500.0,77982209.0,76666542.0,75335958.0,76942167.0,76927750.0,76649541.0,77234792.0,75524750.0,75309667.0,75624875.0,76726834.0,76437042.0,76197833.0,82484084.0,77908250.0,77738834.0,76351541.0,78425125.0,75774125.0,77005250.0,76427500.0,75204166.0,77101959.0,76902167.0,77282125.0,78985125.0,91689000.0,78710958.0,80339917.0,77294709.0,79755542.0,78119625.0,82918583.0,77224583.0,81083166.0,76332834.0,77269000.0,75842917.0,78370167.0,76439208.0,76924083.0,76890625.0,76612042.0,77676042.0,77513500.0,76748333.0,76916250.0,79053166.0,75991125.0,81241375.0,82513500.0,78895375.0,76821500.0,76357542.0,77773958.0,76927000.0,76777166.0,76947542.0,77146583.0,76647166.0,76649208.0,79976250.0,77399291.0,76577000.0,77299042.0,78677458.0,81651750.0,79541166.0,77751000.0,76321000.0,78261333.0,76711625.0,77268625.0,77534917.0,77717084.0,77632375.0,75686791.0,77743584.0,75821583.0,77916666.0,78528500.0,79783292.0,78113833.0,77116750.0,78577250.0,78311042.0,77023709.0,77503125.0,77241791.0,76524958.0,77826666.0,80340334.0,88967083.0,81714833.0,83775458.0,76676625.0,78274583.0],"unit":"ns","throughput":[],"typical":{"estimate":77994269.98,"lower_bound":77540174.8745,"upper_bound":78515605.41,"unit":"ns"},"mean":{"estimate":77994269.98,"lower_bound":77540174.8745,"upper_bound":78515605.41,"unit":"ns"},"median":{"estimate":77268812.5,"lower_bound":76947542.0,"upper_bound":77676042.0,"unit":"ns"},"median_abs_dev":{"estimate":1166405.1359921694,"lower_bound":850331.8715035915,"upper_bound":1528128.3949702978,"unit":"ns"},"slope":null,"change":null}
{"reason":"group-complete","group_name":"Solutions","benchmarks":["Solutions/Day 07/Part 02 Disordered","Solutions/Day 07/Part 01 Disordered","Solutions/Day 01/Part 01","Solutions/Day 01/Part 02","Solutions/Day 02/Part 01","Solutions/Day 02/Part 02","Solutions/Day 03/Part 01","Solutions/Day 03/Part 02","Solutions/Day 04/Part 01","Solutions/Day 04/Part 02","Solutions/Day 05/Part 01","Solutions/Day 05/Part 02","Solutions/Day 06/Part 01","Solutions/Day 06/Part 02","Solutions/Day 07/Part 01","Solutions/Day 07/Part 02","Solutions/Day 08/Part 01","Solutions/Day 08/Part 02","Solutions/Day 09/Part 01","Solutions/Day 09/Part 02","Solutions/Day 10/Part 01","Solutions/Day 10/Part 02","Solutions/Day 11/Part 01","Solutions/Day 11/Part 02","Solutions/Day 12/Part 01","Solutions/Day 12/Part 02","Solutions/Day 13/Part 01","Solutions/Day 13/Part 02","Solutions/Day 14/Part 01","Solutions/Day 14/Part 02","Solutions/Day 15/Part 01","Solutions/Day 15/Part 02","Solutions/Day 16/Part 01","Solutions/Day 16/Part 02"],"report_directory":"/Volumes/Code/Personal/AOC2023/target/criterion/reports/Solutions"}
