{"reason":"benchmark-complete","id":"Solutions/Day 06/Part 01","report_directory":"/Volumes/Code/Personal/AOC2023/target/criterion/reports/Solutions/Day 06_Part 01","iteration_count":[141,282,423,564,705,846,987,1128,1269,1410,1551,1692,1833,1974,2115,2256,2397,2538,2679,2820,2961,3102,3243,3384,3525,3666,3807,3948,4089,4230,4371,4512,4653,4794,4935,5076,5217,5358,5499,5640,5781,5922,6063,6204,6345,6486,6627,6768,6909,7050,7191,7332,7473,7614,7755,7896,8037,8178,8319,8460,8601,8742,8883,9024,9165,9306,9447,9588,9729,9870,10011,10152,10293,10434,10575,10716,10857,10998,11139,11280,11421,11562,11703,11844,11985,12126,12267,12408,12549,12690,12831,12972,13113,13254,13395,13536,13677,13818,13959,14100],"measured_values":[1185458.0,2361750.0,2973458.0,3961959.0,5005875.0,6038458.0,7540083.0,9197334.0,9158750.0,9988333.0,10852208.0,11844041.0,12829375.0,13871167.0,14879375.0,15875584.0,16858042.0,17852375.0,18816625.0,19805292.0,20774875.0,21886917.0,22835709.0,25452250.0,30315042.0,27837167.0,26959583.0,27873250.0,29120583.0,31313875.0,31867667.0,31789250.0,32734000.0,33610458.0,34574375.0,35714416.0,36782167.0,37738084.0,38933583.0,39694000.0,40777750.0,41629209.0,42696625.0,43577459.0,44857792.0,45540125.0,46655125.0,47551250.0,48558125.0,49540792.0,50654292.0,51604459.0,52828208.0,53704750.0,54509417.0,55528167.0,57107834.0,57544500.0,58565792.0,59515667.0,60524875.0,61660209.0,62432500.0,63524667.0,64279292.0,65327084.0,66392750.0,67440500.0,68415083.0,70862084.0,77180125.0,73999125.0,72760625.0,73544583.0,74454375.0,75909417.0,76295375.0,77436500.0,78550083.0,79533666.0,80821291.0,81362625.0,82840375.0,83179083.0,84239375.0,85345167.0,86251375.0,86868958.0,87691750.0,88759875.0,89609709.0,93734250.0,92239125.0,93521125.0,94375417.0,95085958.0,96018583.0,97088000.0,98077500.0,98985417.0],"unit":"ns","throughput":[],"typical":{"estimate":7062.717541427055,"lower_bound":7041.877390830147,"upper_bound":7091.07505812842,"unit":"ns"},"mean":{"estimate":7129.901934770327,"lower_bound":7079.032585088575,"upper_bound":7190.855201044525,"unit":"ns"},"median":{"estimate":7038.0697262081485,"lower_bound":7034.174102036147,"upper_bound":7043.315416200075,"unit":"ns"},"median_abs_dev":{"estimate":21.67318572501959,"lower_bound":15.401517101343098,"upper_bound":30.266785904427305,"unit":"ns"},"slope":{"estimate":7062.717541427055,"lower_bound":7041.877390830147,"upper_bound":7091.07505812842,"unit":"ns"},"change":{"mean":{"estimate":-0.004356720991306573,"lower_bound":-0.013879674175636611,"upper_bound":0.005784211850600185,"unit":"%"},"median":{"estimate":-0.006137150109636891,"lower_bound":-0.007566554496598266,"upper_bound":-0.005041896190932777,"unit":"%"},"change":"NoChange"}}
{"reason":"benchmark-complete","id":"Solutions/Day 06/Part 02","report_directory":"/Volumes/Code/Personal/AOC2023/target/criterion/reports/Solutions/Day 06_Part 02","iteration_count":[133,266,399,532,665,798,931,1064,1197,1330,1463,1596,1729,1862,1995,2128,2261,2394,2527,2660,2793,2926,3059,3192,3325,3458,3591,3724,3857,3990,4123,4256,4389,4522,4655,4788,4921,5054,5187,5320,5453,5586,5719,5852,5985,6118,6251,6384,6517,6650,6783,6916,7049,7182,7315,7448,7581,7714,7847,7980,8113,8246,8379,8512,8645,8778,8911,9044,9177,9310,9443,9576,9709,9842,9975,10108,10241,10374,10507,10640,10773,10906,11039,11172,11305,11438,11571,11704,11837,11970,12103,12236,12369,12502,12635,12768,12901,13034,13167,13300],"measured_values":[1016500.0,2355875.0,2920292.0,3893625.0,4933625.0,5999042.0,8047917.0,8008750.0,8858000.0,9847375.0,10775042.0,11791750.0,12907709.0,13829792.0,14709792.0,15702292.0,16692792.0,17649542.0,18606625.0,19629834.0,20579250.0,21539292.0,22486875.0,23657958.0,24581625.0,25632250.0,26501709.0,27503792.0,28408792.0,29591667.0,30443333.0,31334166.0,32436000.0,33339667.0,34318208.0,35293792.0,36274542.0,37329750.0,38255541.0,39158333.0,40168791.0,41229458.0,42186000.0,43323875.0,44200417.0,48969417.0,50784208.0,47264125.0,50797750.0,50664875.0,50223708.0,51053583.0,52116375.0,53022292.0,54028000.0,54993000.0,56028250.0,56959917.0,57857334.0,58906333.0,59920625.0,61035667.0,62060834.0,62936959.0,63845708.0,64866833.0,65887208.0,66796709.0,67668250.0,68630791.0,70359166.0,70743541.0,71502583.0,72460417.0,73509834.0,74640667.0,76249292.0,78772958.0,83634000.0,78846292.0,79437084.0,80395209.0,81482583.0,82439583.0,83744250.0,84566750.0,85442416.0,86343416.0,87739125.0,88391167.0,89223792.0,90213750.0,91549084.0,92262917.0,92974084.0,93970917.0,94625084.0,95515250.0,96449875.0,97935375.0],"unit":"ns","throughput":[],"typical":{"estimate":7408.005149692615,"lower_bound":7384.922056611775,"upper_bound":7438.500901901248,"unit":"ns"},"mean":{"estimate":7443.340425429725,"lower_bound":7404.229095618424,"upper_bound":7492.065079178011,"unit":"ns"},"median":{"estimate":7384.076203439634,"lower_bound":7380.035923141187,"upper_bound":7386.671084302286,"unit":"ns"},"median_abs_dev":{"estimate":20.344164402279574,"lower_bound":15.009941683490174,"upper_bound":28.59005456629436,"unit":"ns"},"slope":{"estimate":7408.005149692615,"lower_bound":7384.922056611775,"upper_bound":7438.500901901248,"unit":"ns"},"change":{"mean":{"estimate":-0.9991079972739104,"lower_bound":-0.9991131901940168,"upper_bound":-0.9991005484360986,"unit":"%"},"median":{"estimate":-0.999112913516927,"lower_bound":-0.9991160873596776,"upper_bound":-0.9991094070073607,"unit":"%"},"change":"Improved"}}
{"reason":"group-complete","group_name":"Solutions","benchmarks":["Solutions/Day 01/Part 01","Solutions/Day 01/Part 02","Solutions/Day 02/Part 01","Solutions/Day 02/Part 02","Solutions/Day 03/Part 01","Solutions/Day 03/Part 02","Solutions/Day 04/Part 01","Solutions/Day 04/Part 02","Solutions/Day 05/Part 01","Solutions/Day 05/Part 02","Solutions/Day 06/Part 01","Solutions/Day 06/Part 02"],"report_directory":"/Volumes/Code/Personal/AOC2023/target/criterion/reports/Solutions"}
