{"reason":"benchmark-complete","id":"Solutions/Day 02/Part 01","report_directory":"/Volumes/Code/Personal/AOC2023/target/criterion/reports/Solutions/Day 02_Part 01","iteration_count":[26,52,78,104,130,156,182,208,234,260,286,312,338,364,390,416,442,468,494,520,546,572,598,624,650,676,702,728,754,780,806,832,858,884,910,936,962,988,1014,1040,1066,1092,1118,1144,1170,1196,1222,1248,1274,1300,1326,1352,1378,1404,1430,1456,1482,1508,1534,1560,1586,1612,1638,1664,1690,1716,1742,1768,1794,1820,1846,1872,1898,1924,1950,1976,2002,2028,2054,2080,2106,2132,2158,2184,2210,2236,2262,2288,2314,2340,2366,2392,2418,2444,2470,2496,2522,2548,2574,2600],"measured_values":[1010875.0,1964750.0,3052292.0,3980250.0,4914125.0,5910708.0,6887792.0,7875792.0,8870959.0,9844458.0,10822208.0,11810000.0,12812208.0,13769000.0,14773917.0,15789500.0,16770083.0,17740375.0,18739792.0,19763792.0,20790375.0,21700000.0,22814875.0,23817084.0,24749375.0,25901666.0,26875583.0,27844875.0,28695334.0,29950209.0,30835583.0,31906666.0,32886708.0,33790833.0,34698250.0,35905250.0,36889250.0,37628083.0,38765667.0,39679334.0,40966833.0,41766250.0,42707500.0,43424000.0,44845875.0,45301375.0,46303250.0,47413166.0,48395875.0,49562667.0,50632750.0,51652958.0,52492000.0,53859500.0,54268625.0,55501417.0,56526458.0,57442791.0,58925625.0,62716500.0,61088750.0,63791625.0,62331500.0,63139875.0,64043292.0,65340917.0,66234500.0,67409875.0,68933500.0,69846167.0,70411250.0,71036542.0,72167125.0,73317291.0,74883750.0,77456208.0,85075917.0,79757792.0,78530417.0,79838459.0,80355125.0,81463083.0,81556708.0,82470042.0,83923666.0,84918583.0,85953292.0,86461959.0,88185167.0,88554875.0,90495834.0,90111625.0,98292083.0,94275416.0,93298792.0,94781625.0,96128917.0,96577875.0,97724666.0,98479042.0],"unit":"ns","throughput":[],"typical":{"estimate":38297.18814006889,"lower_bound":38110.92868607846,"upper_bound":38535.76638853652,"unit":"ns"},"mean":{"estimate":38229.14397436537,"lower_bound":38122.01475549746,"upper_bound":38363.418841419,"unit":"ns"},"median":{"estimate":38099.79417389087,"lower_bound":38015.00679662803,"upper_bound":38151.964882943146,"unit":"ns"},"median_abs_dev":{"estimate":249.69429546582464,"lower_bound":200.30231969808676,"upper_bound":323.55541261238466,"unit":"ns"},"slope":{"estimate":38297.18814006889,"lower_bound":38110.92868607846,"upper_bound":38535.76638853652,"unit":"ns"},"change":{"mean":{"estimate":-0.007532349888528245,"lower_bound":-0.013890182523495283,"upper_bound":-0.0014533549515467741,"unit":"%"},"median":{"estimate":-0.0006035111784004066,"lower_bound":-0.004363705748212099,"upper_bound":0.002569378430349989,"unit":"%"},"change":"NoChange"}}
{"reason":"benchmark-complete","id":"Solutions/Day 02/Part 02","report_directory":"/Volumes/Code/Personal/AOC2023/target/criterion/reports/Solutions/Day 02_Part 02","iteration_count":[26,52,78,104,130,156,182,208,234,260,286,312,338,364,390,416,442,468,494,520,546,572,598,624,650,676,702,728,754,780,806,832,858,884,910,936,962,988,1014,1040,1066,1092,1118,1144,1170,1196,1222,1248,1274,1300,1326,1352,1378,1404,1430,1456,1482,1508,1534,1560,1586,1612,1638,1664,1690,1716,1742,1768,1794,1820,1846,1872,1898,1924,1950,1976,2002,2028,2054,2080,2106,2132,2158,2184,2210,2236,2262,2288,2314,2340,2366,2392,2418,2444,2470,2496,2522,2548,2574,2600],"measured_values":[1059958.0,2103750.0,3083417.0,4028375.0,5204666.0,6104542.0,6980083.0,8175042.0,9425917.0,10265875.0,11025333.0,12269041.0,13426125.0,14377625.0,15234084.0,16272875.0,17356666.0,18120959.0,19356500.0,20073500.0,21023167.0,21799167.0,22702833.0,23682709.0,24604791.0,25611667.0,26659125.0,27701417.0,29284458.0,30029250.0,30570542.0,31552750.0,32610583.0,33574792.0,34566583.0,35466084.0,36752458.0,37580292.0,38419709.0,39530000.0,41273416.0,43030375.0,43907333.0,44887458.0,45841666.0,49874292.0,48863000.0,48348084.0,50272584.0,49657916.0,50488708.0,51285000.0,53417917.0,53421167.0,54248792.0,55131250.0,56188125.0,57801916.0,58243666.0,59986958.0,62298667.0,63517709.0,64166209.0,65104375.0,66348917.0,67020542.0,67848208.0,68222125.0,69040083.0,69320750.0,70466458.0,71983792.0,72119000.0,72639750.0,73806709.0,74597583.0,76353500.0,76737375.0,77798958.0,78729334.0,79766667.0,82462209.0,84427792.0,85413750.0,87654375.0,91947416.0,86466042.0,86613292.0,87557375.0,89172583.0,89452750.0,90393334.0,91596917.0,92771042.0,94583750.0,97699916.0,98742667.0,100081167.0,100732667.0,101498666.0],"unit":"ns","throughput":[],"typical":{"estimate":38536.32717486445,"lower_bound":38348.59818912138,"upper_bound":38739.610110708825,"unit":"ns"},"mean":{"estimate":38659.75777983872,"lower_bound":38507.82644727595,"upper_bound":38821.454235829835,"unit":"ns"},"median":{"estimate":38491.459866220735,"lower_bound":38168.50415584416,"upper_bound":38749.59570029027,"unit":"ns"},"median_abs_dev":{"estimate":891.4465770987965,"lower_bound":470.19687946504337,"upper_bound":1002.0392349541465,"unit":"ns"},"slope":{"estimate":38536.32717486445,"lower_bound":38348.59818912138,"upper_bound":38739.610110708825,"unit":"ns"},"change":{"mean":{"estimate":-0.008633825076910462,"lower_bound":-0.015177789743847519,"upper_bound":-0.002327392412521474,"unit":"%"},"median":{"estimate":-0.005930888761633835,"lower_bound":-0.015590587400489686,"upper_bound":0.0019454780563077367,"unit":"%"},"change":"NoChange"}}
{"reason":"group-complete","group_name":"Solutions","benchmarks":["Solutions/Day 07/Part 02 Disordered","Solutions/Day 07/Part 01 Disordered","Solutions/Day 01/Part 01","Solutions/Day 01/Part 02","Solutions/Day 02/Part 01","Solutions/Day 02/Part 02","Solutions/Day 03/Part 01","Solutions/Day 03/Part 02","Solutions/Day 04/Part 01","Solutions/Day 04/Part 02","Solutions/Day 05/Part 01","Solutions/Day 05/Part 02","Solutions/Day 06/Part 01","Solutions/Day 06/Part 02","Solutions/Day 07/Part 01","Solutions/Day 07/Part 02","Solutions/Day 08/Part 01","Solutions/Day 08/Part 02","Solutions/Day 09/Part 01","Solutions/Day 09/Part 02"],"report_directory":"/Volumes/Code/Personal/AOC2023/target/criterion/reports/Solutions"}
