{"reason":"benchmark-complete","id":"Solutions/Day 04/Part 01","report_directory":"/Volumes/Code/Personal/AOC2023/target/criterion/reports/Solutions/Day 04_Part 01","iteration_count":[8,16,24,32,40,48,56,64,72,80,88,96,104,112,120,128,136,144,152,160,168,176,184,192,200,208,216,224,232,240,248,256,264,272,280,288,296,304,312,320,328,336,344,352,360,368,376,384,392,400,408,416,424,432,440,448,456,464,472,480,488,496,504,512,520,528,536,544,552,560,568,576,584,592,600,608,616,624,632,640,648,656,664,672,680,688,696,704,712,720,728,736,744,752,760,768,776,784,792,800],"measured_values":[1052458.0,2103167.0,3070583.0,4096042.0,5219666.0,6146250.0,7118916.0,8181875.0,9129583.0,10141166.0,11252250.0,12181292.0,13211791.0,14190583.0,15287667.0,16210542.0,17338833.0,18258334.0,19342042.0,20323167.0,21346916.0,22338375.0,23321583.0,24399375.0,25370500.0,26436584.0,27398333.0,28444000.0,29467667.0,30431917.0,31886042.0,33216583.0,34512417.0,34840125.0,35792042.0,36696084.0,37740875.0,40834709.0,41054000.0,41691583.0,41992416.0,42656208.0,43740125.0,44801875.0,45897208.0,46971792.0,47954708.0,48767958.0,49773791.0,51090166.0,51818416.0,55621959.0,55037833.0,55062750.0,55894375.0,57001959.0,58174459.0,58961333.0,59946041.0,62457958.0,64445750.0,63761292.0,64374750.0,65558625.0,66178417.0,67028875.0,68319875.0,69082958.0,70058125.0,71251292.0,73562834.0,74352000.0,74487584.0,75256875.0,76230292.0,77928375.0,82156500.0,83646291.0,80902167.0,82145458.0,82978209.0,83516375.0,84778959.0,86475708.0,87124084.0,87463791.0,88452541.0,89442166.0,91289666.0,94864125.0,93241541.0,93551958.0,94545375.0,96931958.0,97339916.0,98804292.0,98744500.0,99593125.0,100990583.0,101867125.0],"unit":"ns","throughput":[],"typical":{"estimate":128171.74247450865,"lower_bound":127797.58860101193,"upper_bound":128613.96255863017,"unit":"ns"},"mean":{"estimate":128099.80074003531,"lower_bound":127783.87960537695,"upper_bound":128453.76298292806,"unit":"ns"},"median":{"estimate":127476.936237928,"lower_bound":127248.06701030929,"upper_bound":127725.415,"unit":"ns"},"median_abs_dev":{"estimate":739.6491014349525,"lower_bound":443.5433056546795,"upper_bound":987.6403592927358,"unit":"ns"},"slope":{"estimate":128171.74247450865,"lower_bound":127797.58860101193,"upper_bound":128613.96255863017,"unit":"ns"},"change":{"mean":{"estimate":-0.2213567001566893,"lower_bound":-0.22522425435306234,"upper_bound":-0.2178699559567267,"unit":"%"},"median":{"estimate":-0.21714835395881427,"lower_bound":-0.22237690792657894,"upper_bound":-0.21540735926875842,"unit":"%"},"change":"Improved"}}
{"reason":"benchmark-complete","id":"Solutions/Day 04/Part 02","report_directory":"/Volumes/Code/Personal/AOC2023/target/criterion/reports/Solutions/Day 04_Part 02","iteration_count":[8,16,24,32,40,48,56,64,72,80,88,96,104,112,120,128,136,144,152,160,168,176,184,192,200,208,216,224,232,240,248,256,264,272,280,288,296,304,312,320,328,336,344,352,360,368,376,384,392,400,408,416,424,432,440,448,456,464,472,480,488,496,504,512,520,528,536,544,552,560,568,576,584,592,600,608,616,624,632,640,648,656,664,672,680,688,696,704,712,720,728,736,744,752,760,768,776,784,792,800],"measured_values":[1129583.0,2274584.0,3232750.0,4085625.0,5353625.0,6379250.0,7404875.0,8479583.0,9344916.0,10636500.0,11397791.0,12277458.0,13335875.0,14371333.0,15392916.0,16384542.0,17669834.0,18502667.0,19583333.0,20678333.0,21559333.0,22572542.0,23546750.0,24586583.0,25607000.0,26638291.0,27661375.0,28672417.0,29698333.0,30756291.0,31792583.0,32764625.0,33818541.0,34813541.0,36696916.0,37247917.0,37988166.0,38914291.0,39931958.0,40989458.0,41962916.0,43529292.0,45551291.0,45410750.0,46286750.0,49499459.0,49945125.0,49944875.0,50326084.0,51327750.0,52339333.0,53595750.0,56379500.0,56331417.0,56855250.0,58286750.0,58570291.0,59466250.0,60508792.0,61447042.0,62499500.0,64157583.0,65099542.0,66523708.0,67867834.0,70983875.0,69332042.0,69766541.0,70855333.0,71673209.0,73099542.0,73942958.0,74774375.0,76006417.0,76875084.0,79685167.0,79464166.0,80591333.0,80852958.0,86954125.0,86847750.0,84615416.0,85034167.0,86141750.0,87112208.0,88051166.0,89310875.0,90095708.0,91319042.0,92458416.0,93212250.0,94229084.0,98439167.0,98024500.0,97985958.0,98815667.0,99467916.0,100423666.0,103640875.0,102856250.0],"unit":"ns","throughput":[],"typical":{"estimate":129218.5589674154,"lower_bound":128795.24832214913,"upper_bound":129705.87975283172,"unit":"ns"},"mean":{"estimate":129573.1731338548,"lower_bound":129109.3736336286,"upper_bound":130104.82630105046,"unit":"ns"},"median":{"estimate":128386.04262617209,"lower_bound":128269.8801911214,"upper_bound":128882.41480263158,"unit":"ns"},"median_abs_dev":{"estimate":591.7234216428782,"lower_bound":406.59311465651695,"upper_bound":1215.7637942118392,"unit":"ns"},"slope":{"estimate":129218.5589674154,"lower_bound":128795.24832214913,"upper_bound":129705.87975283172,"unit":"ns"},"change":{"mean":{"estimate":-0.25392336336688814,"lower_bound":-0.25799570695130447,"upper_bound":-0.24949298388374783,"unit":"%"},"median":{"estimate":-0.2542309014509464,"lower_bound":-0.25780896677480813,"upper_bound":-0.2507709395290386,"unit":"%"},"change":"Improved"}}
{"reason":"group-complete","group_name":"Solutions","benchmarks":["Solutions/Day 01/Part 01","Solutions/Day 01/Part 02","Solutions/Day 02/Part 01","Solutions/Day 02/Part 02","Solutions/Day 03/Part 01","Solutions/Day 03/Part 02","Solutions/Day 04/Part 01","Solutions/Day 04/Part 02"],"report_directory":"/Volumes/Code/Personal/AOC2023/target/criterion/reports/Solutions"}
