{"reason":"benchmark-complete","id":"Solutions/Day 09/Part 01","report_directory":"/Volumes/Code/Personal/AOC2023/target/criterion/reports/Solutions/Day 09_Part 01","iteration_count":[6,12,18,24,30,36,42,48,54,60,66,72,78,84,90,96,102,108,114,120,126,132,138,144,150,156,162,168,174,180,186,192,198,204,210,216,222,228,234,240,246,252,258,264,270,276,282,288,294,300,306,312,318,324,330,336,342,348,354,360,366,372,378,384,390,396,402,408,414,420,426,432,438,444,450,456,462,468,474,480,486,492,498,504,510,516,522,528,534,540,546,552,558,564,570,576,582,588,594,600],"measured_values":[1109042.0,2175500.0,3269292.0,4348708.0,5564750.0,6609458.0,7612083.0,8751833.0,9800708.0,10890875.0,11965292.0,13138791.0,14183708.0,15275625.0,16335292.0,17437166.0,18496542.0,19630083.0,20694083.0,21850875.0,22885292.0,24002291.0,25037542.0,26221500.0,27329791.0,28555667.0,29425250.0,30523875.0,31612125.0,32714792.0,35179292.0,35755667.0,36023875.0,37204125.0,38274375.0,39387666.0,40746500.0,41668791.0,42763792.0,43797875.0,44956000.0,46243916.0,46993542.0,48105667.0,49303083.0,50239666.0,51351792.0,52322834.0,53505166.0,54916375.0,55901541.0,57173917.0,57896708.0,58888458.0,59972041.0,61030708.0,61967083.0,63306541.0,64371042.0,65464125.0,66752042.0,67790750.0,68641500.0,69980709.0,71030834.0,72911875.0,73450958.0,74400375.0,75286042.0,76581083.0,77880958.0,78813458.0,79877834.0,80834000.0,81683417.0,82738459.0,83805417.0,84964458.0,86708625.0,87301958.0,88248583.0,89574042.0,90770625.0,91553916.0,92794917.0,93850167.0,94847042.0,96010125.0,97123166.0,98119541.0,97058209.0,97972959.0,99255708.0,100732542.0,107571542.0,105306125.0,106189708.0,107086667.0,109166834.0,109844584.0],"unit":"ns","throughput":[],"typical":{"estimate":181980.51066203637,"lower_bound":181436.07971306468,"upper_bound":182556.3203173008,"unit":"ns"},"mean":{"estimate":182183.39336494022,"lower_bound":181893.6786668024,"upper_bound":182489.81641394255,"unit":"ns"},"median":{"estimate":182009.06795326827,"lower_bound":181844.79166666666,"upper_bound":182164.47512820514,"unit":"ns"},"median_abs_dev":{"estimate":558.4411676813035,"lower_bound":450.48808065834834,"upper_bound":782.8305266148002,"unit":"ns"},"slope":{"estimate":181980.51066203637,"lower_bound":181436.07971306468,"upper_bound":182556.3203173008,"unit":"ns"},"change":{"mean":{"estimate":-0.017267028127961548,"lower_bound":-0.021471778791510177,"upper_bound":-0.013179391744228943,"unit":"%"},"median":{"estimate":-0.011552284168738991,"lower_bound":-0.013825193726900165,"upper_bound":-0.010425097806112893,"unit":"%"},"change":"Improved"}}
{"reason":"benchmark-complete","id":"Solutions/Day 09/Part 02","report_directory":"/Volumes/Code/Personal/AOC2023/target/criterion/reports/Solutions/Day 09_Part 02","iteration_count":[6,12,18,24,30,36,42,48,54,60,66,72,78,84,90,96,102,108,114,120,126,132,138,144,150,156,162,168,174,180,186,192,198,204,210,216,222,228,234,240,246,252,258,264,270,276,282,288,294,300,306,312,318,324,330,336,342,348,354,360,366,372,378,384,390,396,402,408,414,420,426,432,438,444,450,456,462,468,474,480,486,492,498,504,510,516,522,528,534,540,546,552,558,564,570,576,582,588,594,600],"measured_values":[1148083.0,2243542.0,3310875.0,4471167.0,5500459.0,6491042.0,7537959.0,8586667.0,9671042.0,10769791.0,11836875.0,12974375.0,13994959.0,15128500.0,16164041.0,17239417.0,18320792.0,19589250.0,20733709.0,21977584.0,22881167.0,24111625.0,25145750.0,26218709.0,27136958.0,28361375.0,29600416.0,30568583.0,31643875.0,32706458.0,33930125.0,34912291.0,36009917.0,37121084.0,38197875.0,39291792.0,40521209.0,41493584.0,42622125.0,43831958.0,44399833.0,45432708.0,46961542.0,47550667.0,48725791.0,49795000.0,50859833.0,52108250.0,52969166.0,54214250.0,55225083.0,56343833.0,57588208.0,58649375.0,59864250.0,60750125.0,61906375.0,63059292.0,64126334.0,65259500.0,66225583.0,67173833.0,68220667.0,69462542.0,70538000.0,71480750.0,73335250.0,73872541.0,74912958.0,76334666.0,77179042.0,78300834.0,79944375.0,83209042.0,82630708.0,82324834.0,83447334.0,84421708.0,85543208.0,87131833.0,86375083.0,87462208.0,88661417.0,94478125.0,91842541.0,94770875.0,94801208.0,95864208.0,96880458.0,98030000.0,99061541.0,101225917.0,101034083.0,102591625.0,103617083.0,104258458.0,104552959.0,105571000.0,106522208.0,108467041.0],"unit":"ns","throughput":[],"typical":{"estimate":181213.28058420768,"lower_bound":180760.3297657326,"upper_bound":181713.27757068953,"unit":"ns"},"mean":{"estimate":181407.98290953157,"lower_bound":181046.51346900658,"upper_bound":181808.86464722588,"unit":"ns"},"median":{"estimate":181121.41493444197,"lower_bound":180911.73003472225,"upper_bound":181524.65208333332,"unit":"ns"},"median_abs_dev":{"estimate":1142.0653861072806,"lower_bound":915.9372566694029,"upper_bound":1437.202862660212,"unit":"ns"},"slope":{"estimate":181213.28058420768,"lower_bound":180760.3297657326,"upper_bound":181713.27757068953,"unit":"ns"},"change":{"mean":{"estimate":-0.015812981257826153,"lower_bound":-0.019867017388030987,"upper_bound":-0.0120573225773688,"unit":"%"},"median":{"estimate":-0.015845804629191385,"lower_bound":-0.017473451651891736,"upper_bound":-0.012814490263318296,"unit":"%"},"change":"Improved"}}
{"reason":"group-complete","group_name":"Solutions","benchmarks":["Solutions/Day 07/Part 02 Disordered","Solutions/Day 07/Part 01 Disordered","Solutions/Day 01/Part 01","Solutions/Day 01/Part 02","Solutions/Day 02/Part 01","Solutions/Day 02/Part 02","Solutions/Day 03/Part 01","Solutions/Day 03/Part 02","Solutions/Day 04/Part 01","Solutions/Day 04/Part 02","Solutions/Day 05/Part 01","Solutions/Day 05/Part 02","Solutions/Day 06/Part 01","Solutions/Day 06/Part 02","Solutions/Day 07/Part 01","Solutions/Day 07/Part 02","Solutions/Day 08/Part 01","Solutions/Day 08/Part 02","Solutions/Day 09/Part 01","Solutions/Day 09/Part 02"],"report_directory":"/Volumes/Code/Personal/AOC2023/target/criterion/reports/Solutions"}
