{"reason":"benchmark-complete","id":"Solutions/Day 02/Part 01","report_directory":"/Volumes/Code/Personal/AOC2023/target/criterion/reports/Solutions/Day 02_Part 01","iteration_count":[26,52,78,104,130,156,182,208,234,260,286,312,338,364,390,416,442,468,494,520,546,572,598,624,650,676,702,728,754,780,806,832,858,884,910,936,962,988,1014,1040,1066,1092,1118,1144,1170,1196,1222,1248,1274,1300,1326,1352,1378,1404,1430,1456,1482,1508,1534,1560,1586,1612,1638,1664,1690,1716,1742,1768,1794,1820,1846,1872,1898,1924,1950,1976,2002,2028,2054,2080,2106,2132,2158,2184,2210,2236,2262,2288,2314,2340,2366,2392,2418,2444,2470,2496,2522,2548,2574,2600],"measured_values":[1038000.0,2016458.0,3123083.0,4254000.0,5103834.0,6077584.0,7065709.0,8095959.0,9058500.0,10089166.0,11539125.0,13074042.0,14414208.0,15028375.0,15517208.0,16164916.0,17168875.0,18209750.0,19201542.0,20228041.0,21184167.0,22245959.0,23300708.0,24214542.0,25310750.0,26276875.0,27545833.0,28429459.0,29373833.0,30346166.0,31648667.0,32316417.0,33354000.0,34351959.0,35387167.0,36398042.0,37369708.0,38576583.0,39373709.0,40398667.0,43143792.0,45028333.0,45654416.0,45238500.0,45656083.0,46571708.0,47573250.0,48697750.0,49650375.0,50499583.0,51528125.0,52620166.0,53563750.0,54635250.0,55669875.0,56531041.0,57621208.0,58715958.0,60114792.0,60620583.0,62039041.0,63435125.0,63800167.0,64961042.0,65691000.0,66636834.0,67660208.0,68662375.0,70229458.0,70884125.0,71822416.0,72775250.0,73667042.0,74647292.0,75835708.0,76801209.0,77779458.0,79068208.0,79783542.0,80841084.0,81806708.0,83264375.0,83981209.0,84820167.0,85817417.0,86806834.0,87875042.0,89537541.0,90001291.0,90955333.0,91850875.0,92780958.0,94317333.0,95217250.0,95864667.0,102813125.0,99320542.0,99097667.0,99842416.0,100986500.0],"unit":"ns","throughput":[],"typical":{"estimate":39020.47311204829,"lower_bound":38922.20649476991,"upper_bound":39170.12923201213,"unit":"ns"},"mean":{"estimate":39162.505725376985,"lower_bound":39033.88796343683,"upper_bound":39310.21658245295,"unit":"ns"},"median":{"estimate":38897.16366681072,"lower_bound":38871.11686390533,"upper_bound":38931.217495819394,"unit":"ns"},"median_abs_dev":{"estimate":92.02452639457128,"lower_bound":67.80626535162625,"upper_bound":142.73896866237448,"unit":"ns"},"slope":{"estimate":39020.47311204829,"lower_bound":38922.20649476991,"upper_bound":39170.12923201213,"unit":"ns"},"change":{"mean":{"estimate":-0.006381664433006029,"lower_bound":-0.012271229183315637,"upper_bound":-0.0003874189487276204,"unit":"%"},"median":{"estimate":-0.0027575615575299306,"lower_bound":-0.004508458690886452,"upper_bound":-0.0012965696052472664,"unit":"%"},"change":"NoChange"}}
{"reason":"benchmark-complete","id":"Solutions/Day 02/Part 02","report_directory":"/Volumes/Code/Personal/AOC2023/target/criterion/reports/Solutions/Day 02_Part 02","iteration_count":[26,52,78,104,130,156,182,208,234,260,286,312,338,364,390,416,442,468,494,520,546,572,598,624,650,676,702,728,754,780,806,832,858,884,910,936,962,988,1014,1040,1066,1092,1118,1144,1170,1196,1222,1248,1274,1300,1326,1352,1378,1404,1430,1456,1482,1508,1534,1560,1586,1612,1638,1664,1690,1716,1742,1768,1794,1820,1846,1872,1898,1924,1950,1976,2002,2028,2054,2080,2106,2132,2158,2184,2210,2236,2262,2288,2314,2340,2366,2392,2418,2444,2470,2496,2522,2548,2574,2600],"measured_values":[1054333.0,2096791.0,3046875.0,4210875.0,5110500.0,6106333.0,7078042.0,8080917.0,9069417.0,10078291.0,11094791.0,12183542.0,13106959.0,14120250.0,15113167.0,16152792.0,18765542.0,19535375.0,20316208.0,20740292.0,22173667.0,22450000.0,23317208.0,24264625.0,25411959.0,26339375.0,27384167.0,28441750.0,29612750.0,30589250.0,31425792.0,32349125.0,33418750.0,34450375.0,35434375.0,36386167.0,37540417.0,38597166.0,39404625.0,40295000.0,41375667.0,42379042.0,43359167.0,44726000.0,45985083.0,46698959.0,47516083.0,48454166.0,49531875.0,50528000.0,51536459.0,52605292.0,53622333.0,54578125.0,55516167.0,56519000.0,57599375.0,58976708.0,59659375.0,60537708.0,61514666.0,63145208.0,63686292.0,64655292.0,65744667.0,67277667.0,67731875.0,68827625.0,69843375.0,70850666.0,72098875.0,72568625.0,73650875.0,74695541.0,75690833.0,76782584.0,77678792.0,78606458.0,79606583.0,81172084.0,81933667.0,82851334.0,83685292.0,84744833.0,85719833.0,87834916.0,87764458.0,88690000.0,90642708.0,95495375.0,94534916.0,93283250.0,94367500.0,95551625.0,96107167.0,97002750.0,98133750.0,99116583.0,100037834.0,101075083.0],"unit":"ns","throughput":[],"typical":{"estimate":38995.47619465506,"lower_bound":38908.96449011975,"upper_bound":39114.61371208447,"unit":"ns"},"mean":{"estimate":39114.92505859574,"lower_bound":39002.69379453739,"upper_bound":39245.43787162577,"unit":"ns"},"median":{"estimate":38900.963835889386,"lower_bound":38875.031923076924,"upper_bound":38940.61961589135,"unit":"ns"},"median_abs_dev":{"estimate":149.62186191387147,"lower_bound":108.88898360179864,"upper_bound":195.80722095656424,"unit":"ns"},"slope":{"estimate":38995.47619465506,"lower_bound":38908.96449011975,"upper_bound":39114.61371208447,"unit":"ns"},"change":{"mean":{"estimate":0.00046264260740236374,"lower_bound":-0.005271164160948221,"upper_bound":0.0052886666428542724,"unit":"%"},"median":{"estimate":0.000807487820968289,"lower_bound":-0.00040362702768503844,"upper_bound":0.0020038631394090445,"unit":"%"},"change":"NoChange"}}
{"reason":"group-complete","group_name":"Solutions","benchmarks":["Solutions/Day 01/Part 01","Solutions/Day 01/Part 02","Solutions/Day 02/Part 01","Solutions/Day 02/Part 02"],"report_directory":"/Volumes/Code/Personal/AOC2023/target/criterion/reports/Solutions"}
