{"reason":"benchmark-complete","id":"Solutions/Day 03/Part 01","report_directory":"/Volumes/Code/Personal/AOC2023/target/criterion/reports/Solutions/Day 03_Part 01","iteration_count":[2,4,6,8,10,12,14,16,18,20,22,24,26,28,30,32,34,36,38,40,42,44,46,48,50,52,54,56,58,60,62,64,66,68,70,72,74,76,78,80,82,84,86,88,90,92,94,96,98,100,102,104,106,108,110,112,114,116,118,120,122,124,126,128,130,132,134,136,138,140,142,144,146,148,150,152,154,156,158,160,162,164,166,168,170,172,174,176,178,180,182,184,186,188,190,192,194,196,198,200],"measured_values":[1160791.0,2304167.0,3284959.0,4349375.0,5445291.0,6683083.0,7965875.0,8980166.0,10012542.0,10943208.0,12014083.0,13088792.0,14253375.0,15285917.0,16392709.0,17473250.0,18526292.0,19674167.0,20694250.0,21752209.0,22830708.0,23903625.0,24981792.0,26091959.0,27192500.0,28234750.0,29354375.0,30411250.0,31536959.0,32604583.0,33702125.0,34722291.0,35859958.0,36982167.0,37974750.0,39091250.0,40468042.0,41389500.0,42396167.0,43766667.0,44560333.0,45616541.0,47017541.0,48630208.0,51639917.0,51044000.0,51845500.0,52566458.0,53442500.0,54812333.0,55447666.0,56732958.0,57646459.0,58664417.0,59749333.0,60921833.0,62398291.0,62939834.0,64024958.0,65054333.0,66735625.0,67282542.0,68360542.0,69705083.0,70449500.0,71591000.0,72747459.0,73737958.0,74841333.0,75865500.0,77012916.0,78481333.0,79923833.0,80876042.0,81538333.0,82532125.0,83555833.0,84663500.0,85706042.0,86823042.0,87949375.0,89031000.0,90229000.0,91178167.0,92236125.0,93329833.0,94412625.0,95556083.0,96358250.0,97383250.0,98511500.0,101565000.0,102725125.0,103006625.0,103076166.0,104948625.0,105940416.0,107226125.0,107831916.0,108931500.0],"unit":"ns","throughput":[],"typical":{"estimate":544568.0343327915,"lower_bound":543766.8216296968,"upper_bound":545459.7750394644,"unit":"ns"},"mean":{"estimate":546189.9799870752,"lower_bound":544957.5166343144,"upper_bound":547630.6872455087,"unit":"ns"},"median":{"estimate":543706.2737068966,"lower_bound":543418.6951219512,"upper_bound":544598.6842105263,"unit":"ns"},"median_abs_dev":{"estimate":1767.855421679287,"lower_bound":1409.8205393937758,"upper_bound":2963.9319559212972,"unit":"ns"},"slope":{"estimate":544568.0343327915,"lower_bound":543766.8216296968,"upper_bound":545459.7750394644,"unit":"ns"},"change":{"mean":{"estimate":-0.7315426748358146,"lower_bound":-0.7325568736566955,"upper_bound":-0.73048910596475,"unit":"%"},"median":{"estimate":-0.7324806761922374,"lower_bound":-0.7341187814129094,"upper_bound":-0.7304934187104092,"unit":"%"},"change":"Improved"}}
{"reason":"benchmark-complete","id":"Solutions/Day 03/Part 02","report_directory":"/Volumes/Code/Personal/AOC2023/target/criterion/reports/Solutions/Day 03_Part 02","iteration_count":[4,8,12,16,20,24,28,32,36,40,44,48,52,56,60,64,68,72,76,80,84,88,92,96,100,104,108,112,116,120,124,128,132,136,140,144,148,152,156,160,164,168,172,176,180,184,188,192,196,200,204,208,212,216,220,224,228,232,236,240,244,248,252,256,260,264,268,272,276,280,284,288,292,296,300,304,308,312,316,320,324,328,332,336,340,344,348,352,356,360,364,368,372,376,380,384,388,392,396,400],"measured_values":[1357834.0,2589084.0,3899625.0,5170000.0,6593042.0,8047416.0,9182667.0,10307833.0,11657083.0,12810375.0,14219500.0,15960459.0,17028333.0,18316334.0,19278375.0,20498875.0,21799083.0,23042125.0,24277583.0,25557000.0,26901334.0,28128750.0,29405000.0,30668375.0,32007833.0,33203583.0,34474709.0,35792750.0,36967958.0,38208000.0,39469083.0,40790875.0,42011375.0,43294750.0,44922750.0,45917250.0,47103708.0,48348792.0,49652959.0,50980083.0,52154791.0,53457625.0,54737750.0,56035875.0,57305333.0,58552542.0,59893375.0,61119041.0,62399833.0,63636625.0,66107292.0,66392417.0,68030500.0,69063208.0,71205583.0,71456917.0,72607959.0,74293042.0,75583541.0,76671875.0,77803125.0,79120292.0,80415667.0,81630167.0,82859208.0,84335959.0,85515625.0,86841000.0,87836583.0,89104167.0,90402542.0,91633875.0,95819291.0,95463834.0,96156042.0,96948250.0,99838708.0,102343291.0,101194500.0,103215167.0,103584416.0,104906833.0,106189209.0,107425542.0,109804708.0,110142417.0,111246417.0,114825292.0,115837167.0,116608167.0,116136125.0,117792084.0,118846917.0,120355125.0,121357667.0,122555250.0,125028292.0,125186791.0,126289125.0,127462083.0],"unit":"ns","throughput":[],"typical":{"estimate":320426.0681875277,"lower_bound":319810.81257307256,"upper_bound":321098.1199495115,"unit":"ns"},"mean":{"estimate":320944.9817379015,"lower_bound":320251.5982778339,"upper_bound":321721.7885979661,"unit":"ns"},"median":{"estimate":319529.5423387097,"lower_bound":319265.2211538461,"upper_bound":320029.5138888889,"unit":"ns"},"median_abs_dev":{"estimate":1509.1424588363802,"lower_bound":1115.714837555205,"upper_bound":2168.283208132727,"unit":"ns"},"slope":{"estimate":320426.0681875277,"lower_bound":319810.81257307256,"upper_bound":321098.1199495115,"unit":"ns"},"change":{"mean":{"estimate":-0.7675776309941891,"lower_bound":-0.768876965878278,"upper_bound":-0.766212809652119,"unit":"%"},"median":{"estimate":-0.7699530741472855,"lower_bound":-0.7706105230138413,"upper_bound":-0.7693772652875217,"unit":"%"},"change":"Improved"}}
{"reason":"group-complete","group_name":"Solutions","benchmarks":["Solutions/Day 07/Part 02 Disordered","Solutions/Day 07/Part 01 Disordered","Solutions/Day 01/Part 01","Solutions/Day 01/Part 02","Solutions/Day 02/Part 01","Solutions/Day 02/Part 02","Solutions/Day 03/Part 01","Solutions/Day 03/Part 02","Solutions/Day 04/Part 01","Solutions/Day 04/Part 02","Solutions/Day 05/Part 01","Solutions/Day 05/Part 02","Solutions/Day 06/Part 01","Solutions/Day 06/Part 02","Solutions/Day 07/Part 01","Solutions/Day 07/Part 02"],"report_directory":"/Volumes/Code/Personal/AOC2023/target/criterion/reports/Solutions"}
